Country,Human Development Index (HDI) ,HDI Group,HDI rank,Life expectancy at birth (years),Expected years of schooling (years),Mean years of schooling (years),Gross national income (GNI) per capita (2017 PPP $),GNI per capita rank minus HDI rank,HDI rank 2018,Change in HDI rank (2014-2019),Inequality-adjusted HDI,Gender Inequality Index,"Maternal mortality ratio (2017, deaths per 100,000 live births)","Adolescent birth rate (2015-2020, births per 1,000 women ages 15–19)",Share of seats in parliament (% held by women),"Female population with at least some secondary education (2015-2019, % ages 25 and older)","Male population with at least some secondary education (2015-2019, % ages 25 and older)",Female labour force participation rate (% ages 15 and older),Male labour force participation rate (% ages 15 and older),Population (millions),Average annual population growth 2015-2020 (%),Urban population (%),Population under age 5 years (millions),Population age 15-64 years (millions),Population age 65+ years (millions),Median age (years),"Total fertility rate (2015-2020, births per woman)","Infants exclusively breastfed (2010-2019, % ages 0–5 months)",Infants lacking DTP immunization (% of one-year-olds),Infants lacking measles immunization (% of one-year-olds),"Child malnutrition - stunting (moderate or severe) (2010-2019, % under age 5)","Infant mortality (2018, per 1,000 live births)","Child under 5y mortality (2018, per 1,000 live births)","Adult female mortality (2018, per 1,000 people)","Adult male mortality (2018, per 1,000 people)","Female mortality rate attributed to noncommunicable diseases (2016, per 100,000 people)","Male mortality rate attributed to noncommunicable diseases (2016, per 100,000 people)","Malaria incidence (2018, per 1,000 people at risk)","Tuberculosis incidence (2018, per 100,000 people)","HIV prevalence, adult (2018, % ages 15–49)",Healthy life expectancy at birth (years),"Current health expenditure (2017, % of GDP)","Adult literacy rate (2008-2018, % ages 15 and older)","Female youth literacy rate (2008-2018, % ages 15–24)","Male youth literacy rate (2008-2018, % ages 15–24)","Population with at least some secondary education (2015-2019, % ages 25 and older)","Pre-primary gross enrollment ratio (2014-2019, % of preschool-age children)","Primary gross enrollment ratio (2014-2019, % of primary school–age population)","Secondary gross enrollment ratio (2014-2019, % of secondary school–age population)","Tertiary gross enrollment ratio (2014-2019, % of tertiary school–age population)","Government expenditure on education  (2013-2018, % of GDP)",Total GDP (2017 PPP $ billions),Per capita GDP (2017 PPP $ billions),Annual growth in per capita GDP (%),"Total tax revenue (2014-2019, % of GDP)",Consumer price index (2010=100),Employment to population ratio (% ages 15 and older),"Prison population (2013-2018, per 100,000 people)","Homicide rate (2013-2018, per 100,000 people)","Female suicide rate (2016, per 100,000 people)","Male suicide rate (2016, per 100,000 people)","Depth of food deficit (Average dietary energy supply adequacy, 2017/2019, %)",Exports and imports (% of GDP),"Net migration rate (2015/2020, per 1,000 people)",Stock of immigrants (% of population),"Internet users (2018, % of population)","Female internet users (2018, % of female population)","Mobile phone subscriptions (2018, per 100 people)","Mobile phone subscriptions (2010-2018, % change)"
country,hdi,hdi_group,hdi_rank,life,educ_expected,educ_mean,gni,gni_rank_minus_hdi_rank,hdi_rank_18,hdi_change_1419,hdi_ineq,gii,mort_maternal,birth_adol,parl_f,educ_f,educ_m,labor_f,labor_m,pop,pop_change,urban,pop_lt5,pop_15_64,pop_ge65,age_median,fertility,breast,dtp_vax_no,measles_vax_no,stunt,mort_infant,mort_lt5,mort_adult_f,mort_adult_m,mort_ncd_f,mort_ncd_m,malaria,tb,hiv,life_healthy,cur_health_expen,literacy_adult,literacy_youth_f,literacy_youth_m,educ,educ0,educ1,educ2,educ3,educ_spending,gdp_total,gdp_percap,gdp_percap_growth,tax,cpi,employ,prison,homicide,suicide_f,suicide_m,food_deficit,trade,migration,immigrant,internet,internet_f,phone,phone_change
Norway,0.957,Very high,1,82.4,18.06615,12.89775,66494.25217,7,1,0,0.899,0.045,2,5.141,40.82840237,95.3928,94.8599762,60.37,67.192,5.378859,0.834,82.6,0.301197,3.513165,0.929073,39.836,1.68,..,1,3,..,2.054028,2.542996,38.861,62.494,261.9,365.4,..,4.1,0.1,70.837303,10.446342,..,..,..,94.92075574,95.36525,100.26021,116.87442,81.99235,7.9761,340.3032114,63633.10196,0.474165157,23.86175,120.2696589,61.669,79.8,0.468343712,6.5,13.6,133,72.1465,5.273,16.13288846,96.4917,97,107.174,-7.427
Ireland,0.955,Very high,2,82.31,18.70529,12.6663305,68370.58737,4,3,7,0.885,0.093,5,7.515,24.31192661,81.92398,79.94372604,55.973,68.365,4.882498,1.191,63.4,0.321521,3.155396,0.694436,38.246,1.8409,..,2,9,..,3.137176,3.657057,41.591,71.299,299.7,404.9,..,7,0.2,70.352336,7.184383,..,..,..,81.11964622,163.43983,100.85278,125.30712,77.78062,3.71973,428.8253809,86781.3904,3.966385124,18.26235,106.5843263,59.008,82.2,0.87160546,4.2,17.6,150,239.2151,4.923,17.07250084,84.5223,85.7,103.171,-0.06
Switzerland,0.955,Very high,2,83.78,16.32844,13.38081241,69393.52076,3,2,0,0.889,0.025,5,2.763,38.61788618,95.56618,96.75691,62.904,73.754,8.591361,0.845,73.8,0.448925,5.689315,1.618437,43.053,1.535,..,2,5,..,3.661978,4.123066,35.896,58.204,237,343.2,..,6.4,..,72.023775,12.346322,..,..,..,96.14852,103.58897,105.19068,102.48743,59.56299,5.11332,588.4721015,68627.82868,0.216690541,10.08093,99.54691302,65.126,77.4,0.586468024,6.9,15.8,134,119.4385,6.135,29.93737316,89.6861,88.5231,129.609,6.103
"Hong Kong, China (SAR)",0.949,Very high,4,84.86,16.92947,12.27996,62984.76553,7,4,7,0.824,..,..,2.705,..,77.0914338,82.9151,53.984,67.507,7.436157,0.847,100,0.34533,5.218336,1.301201,44.79,1.3262,..,..,..,..,..,..,33.104,61.901,..,..,..,67,..,..,..,..,..,..,79.40018,106.40481,108.61767,107.48979,76.92223,3.32259,449.6397022,59892.866,-1.930604108,..,134.5930529,57.893,111.7,0.651136341,..,..,137,352.8222,3.992,39.56687825,89.4159,88.0177,259.426,61.42
Iceland,0.949,Very high,4,82.99,19.08309,12.77278684,54682.38057,14,4,4,0.894,0.058,4,6.269,38.0952381,100,100,70.846,79.225,0.339037,0.656,93.9,0.020713,0.220924,0.051502,37.491,1.77,..,3,7,..,1.532353,1.961822,38.181,65.669,283.6,351.8,..,2.7,0.1,72.315244,8.326291,..,..,..,100,94.08853,100.35144,117.51671,71.84501,7.45988,20.1879847,55873.95057,-0.504942727,23.4449,129.0033312,72.9,40.4,0.890969137,4.7,21.7,145,85.91668,1.132,15.45699361,99.011,99.413,126.137,19.66
Germany,0.947,Very high,6,81.33,16.97719,14.15168,55314.35355,11,4,-3,0.869,0.084,7,8.095,31.61953728,95.85821,96.32719,55.275,66.565,83.517046,0.482,77.4,3.987424,53.983518,18.008544,45.744,1.586,..,2,3,1.7,3.087433,3.660457,48.026,86.511,295.9,445.5,..,7.3,0.1,69.719783,11.246835,..,..,..,96.08825,109.1274,104.02236,98.40928,70.24665,4.80093,4473.821955,53815.3654,0.289556721,11.5059,112.8548873,58.961,79.1,0.947976619,4.8,13.6,138,88.09866,6.569,15.72391121,89.7391,84.1628,129.324,19.955
Sweden,0.945,Very high,7,82.8,19.48234,12.54847,54507.80504,12,7,-3,0.882,0.039,4,5.076,47.27793696,89.28605,89.54352356,61.384,67.766,10.036391,0.673,87.7,0.597668,6.240216,2.027215,41.078,1.85,..,2,3,..,2.194107,2.709537,38.431,62.062,273.4,369.8,..,5.5,..,71.388579,11.018746,..,..,..,89.30195,96.32934,126.57538,152.86068,66.98824,7.66993,547.2381029,53205.05601,0.110251761,27.91103,110.5092198,60.381,61.3,1.083072677,7.4,15.8,127,90.4859,4.027,19.97941688,92.1417,93.6805,125.12,8.057
Australia,0.944,Very high,8,83.44,21.95433,12.72469119,48084.84207,15,7,-2,0.867,0.097,6,11.715,36.56387665,91.02507,90.94452,60.3,70.855,25.2032,1.269,86.1,1.654865,16.332508,4.012686,37.875,1.8316,..,2,5,2,3.107906,3.688607,44.673,75.835,247.1,342.5,..,6.6,0.1,70.305492,9.205948,..,..,..,90.98537,164.55399,100.33898,150.31148,113.14216,5.27163,1262.034238,49756.30671,0.363735767,22.98582,119.7970864,62.067,172.6,0.891632403,6,17.4,134,45.68621,6.403,29.95361938,86.545,86.1214,113.579,12.02
Netherlands,0.944,Very high,8,82.28,18.48513,12.4148,57707.06867,6,9,-1,0.878,0.043,5,3.788,33.77777778,87.57493,90.31986,58.263,69.083,17.097123,0.231,91.9,0.863311,11.029553,3.351955,43.314,1.66,..,2,6,..,3.297283,3.873533,51.048,65.56,295.1,396.5,..,5.3,..,70.622871,10.100835,..,..,..,88.921,94.288,104.22962,135.57512,84.98045,5.4796,990.4227999,57141.37028,1.21591708,23.03592,115.9079949,61.587,65.9,0.58618159,6.4,12.9,126,154.3223,0.939,13.3518959,94.7121,94.5693,124.27,9.308
Denmark,0.94,Very high,10,80.9,18.89342,12.61380326,58661.87084,2,10,-6,0.883,0.038,4,4.123,39.10614525,91.15192,90.88383,58.248,66.285,5.771877,0.361,88,0.302354,3.67286,1.152372,42.298,1.7621,..,3,4,..,3.599228,4.223439,51.652,82.426,300.6,421.6,..,5.4,0.1,69.922502,10.108279,..,..,..,90.94939381,95.91547,101.26809,129.07748,80.61602,7.63485,332.7292604,57184.19345,1.927481489,32.38232,110.3472904,59.162,63.2,1.008321959,5.2,13.2,132,105.0017,2.648,12.52414293,97.6443,97.4618,125.119,9.53
Finland,0.938,Very high,11,81.91,19.39712,12.82413,48511.3978,11,11,-2,0.888,0.047,3,5.813,47,100,100,55.542,62.773,5.532159,0.216,85.4,0.271068,3.421245,1.224864,43.128,1.53,..,2,4,..,1.379713,1.695368,44.026,89.21,274.8,440.5,..,4.7,0.1,70.337197,9.206939,..,..,..,100,83.58174,100.15464,153.96358,88.19783,6.89735,268.4036757,48621.08854,0.891979689,20.83904,112.3317121,55.185,53.5,1.629671612,6.8,20.8,132,79.46667,2.54,6.925256627,88.89,87.6452,132.185,-24.176
Singapore,0.938,Very high,11,83.62,16.44088,11.62461,88155.21431,-8,12,0,0.813,0.065,8,3.53,23,78.09105,85.05447,61.97,78.298,5.804343,0.903,100,0.24996,4.369246,0.719331,42.226,1.209,..,2,5,..,2.255966,2.808721,34.939,59.839,201.7,300.5,..,47,0.2,74.481351,4.440383,97.34486,99.94237,99.91742,81.42356,..,100.62695,107.5746,84.79291,2.85435,555.193783,97341.46865,-0.412794668,13.14172,114.4057859,67.64,207.8,0.156317765,4.9,11.1,..,319.1484,4.724,37.13866028,88.1656,87.5644,145.707,1.791
United Kingdom,0.932,Very high,13,81.32,17.49843,13.24287,46070.64481,13,14,0,0.856,0.118,7,13.37,28.90896456,78.00672324,79.30673116,57.647,68.11,67.530161,0.606,83.7,3.951056,43.081246,12.499006,40.467,1.75,..,3,9,..,3.630929,4.257914,55.36,86.107,295.1,396,..,8,..,69.108907,9.631694,..,..,..,78.79872144,106.38731,101.15456,125.85187,59.99557,5.48697,3121.120096,46699.30249,0.841074871,25.50529,119.6227113,60.357,137.0831537,1.204914777,3.5,11.9,137,64.25368,3.898,14.14495139,94.8967,95.2607,117.549,-3.362
Belgium,0.931,Very high,14,81.63,19.77438,12.05027,52084.59209,6,13,1,0.859,0.043,5,4.651,43.33333333,84.72241,88.38187,48.608,58.699,11.539326,0.528,98,0.635943,7.377733,2.193175,41.928,1.7148,..,1,4,..,2.930281,3.651542,49.245,80.262,270.7,409.5,..,9,..,69.719083,10.338669,..,..,..,86.59634993,115.14532,103.90557,158.54185,79.66173,6.54513,593.8151261,51707.7919,0.901135132,23.99411,117.1104572,50.569,87.7,1.690054215,9.4,22.2,148,163.2932,4.196,17.17534158,88.6551,87.2604,103.439,-7.671
New Zealand,0.931,Very high,14,82.29,18.83857,12.78207732,40798.7196,18,14,3,0.859,0.123,9,19.27,40.83333333,97.38831267,96.85121934,64.772,75.335,4.783062,0.881,86.6,0.301436,3.082175,0.765003,37.973,1.9,..,6,8,..,4.725437,5.698018,..,..,269.7,355.3,..,7.3,0.1,69.586543,9.170055,..,..,..,97.16536525,91.46968,99.97476,114.59004,82.03322,6.44277,210.8779268,42887.51817,0.591764568,28.97543,114.2409118,67.063,206.2,0.744359509,6.2,17.3,126,55.94195,3.154,22.34423841,90.8111,82.1509,134.932,27.153
Canada,0.929,Very high,16,82.43,16.15789,13.36610479,48527.03573,5,14,-1,0.848,0.08,10,8.387,33.18284424,100,100,60.836,69.422,37.411038,0.93,81.5,1.979865,24.880621,6.602325,41.124,1.525,..,6,10,..,4.347857,4.973348,51.763,82.625,248.7,340.6,..,5.6,..,70.449017,10.572769,..,..,..,100,..,100.94368,113.76286,68.92251,..,1843.053387,49031.37994,0.218665448,12.91361,116.7572982,61.451,107.7,1.755921136,5.8,15.1,139,64.97671,6.562,21.27889391,91,..,89.231,13.6022
United States,0.926,Very high,17,78.86,16.31039,13.41344,63825.65748,-7,17,-3,0.808,0.204,19,19.86,23.72881356,96.07597,95.97922,56.126,68.186,329.064917,0.621,82.5,19.604088,214.68551,53.340089,38.308,1.7764,34.7,3,10,3.5,5.605352,6.532755,81.935,139.141,353.5,492.3,..,3,..,65.431784,17.061269,..,..,..,96.02937,72.93408,101.82144,98.95234,88.16739,4.96174,20574.97249,62682.80034,1.849711435,9.58665,117.2441955,59.765,662.5,4.956950548,6.4,21.1,148,26.38873,2.929,15.39548775,87.2661,74.8821,123.688,31.4202
Austria,0.922,Very high,18,81.54,16.09207,12.5461436,56196.89869,-3,18,0,0.857,0.069,5,7.34,38.52459016,100,99.78705411,55.059,66.573,8.955108,0.741,58.5,0.442321,5.960766,1.708212,43.483,1.5292,..,10,6,..,2.883643,3.522741,41.779,79.032,272.2,411.4,..,7.1,..,70.604426,10.396617,..,..,..,99.96717462,104.38375,103.11315,100.45521,85.05714,5.5007,500.2444258,56352.44454,1.194628903,25.40555,118.0579798,57.848,103.1,0.967228608,5.7,17.5,145,107.7247,7.351,19.87534034,87.7105,85.6636,123.535,-22.019
Israel,0.919,Very high,19,82.97,16.16283,13.0348541,40186.84583,14,21,1,0.814,0.109,3,9.607,23.33333333,87.94330874,90.69420266,59.693,68.547,8.519373,1.629,92.5,0.846797,5.103595,1.040103,30.484,3.044,..,1,2,..,2.957108,3.73237,39.638,70.873,255.5,366.4,..,4,0.2,71.818152,7.407464,..,..,..,89.27876052,110.79816,104.90112,105.08456,63.35469,5.8493,363.5978975,40161.91858,1.564612927,23.06785,108.150134,61.569,231.2,1.492021506,2.4,8.2,152,58.46463,1.202,22.96348665,81.5812,80.2276,127.662,3.643
Japan,0.919,Very high,19,84.63,15.23057,12.85,42931.69575,9,20,2,0.843,0.094,5,3.78,14.50704225,95.27327069,92.27957105,52.738,71.28,126.860299,-0.237,91.7,4.905574,75.386113,35.524139,48.358,1.3697,..,1,4,7.1,1.811324,2.489685,35.709,66.483,180.1,320.2,..,14,0.1,73.842608,10.935933,..,..,..,93.76192708,..,..,..,..,3.18618,5231.066131,41429.28753,0.864738283,11.90593,105.4821721,60.312,39.8,0.262574096,8.1,20.5,111,36.81651,0.562,1.96979747,84.5881,89.7307,139.201,43.2893
Liechtenstein,0.919,Very high,19,80.67,14.90233,12.53854,131031.5898,-18,19,0,..,..,..,..,12,..,..,..,..,0.03802,0.35,14.4,..,..,..,..,..,..,..,..,..,..,..,..,..,..,..,..,..,..,..,..,..,..,..,..,103.06667,104.69974,117.09433,35.62193,..,..,..,..,..,..,..,165.8,2.637269898,..,..,..,..,..,66.98492859,98.1,..,124.648,26.0205
Slovenia,0.917,Very high,22,81.32,17.57206,12.65874,38079.53399,15,24,2,0.875,0.063,7,3.776,22.30769231,97.2491,98.32048,53.401,63.426,2.078654,0.075,54.8,0.102882,1.34506,0.419601,44.539,1.6,..,2,6,..,1.732558,2.143252,45.488,90.934,274.6,447.5,..,5.3,0.1,70.381514,8.187018,99.7,99.9,99.79,97.77278,91.72831,100.39674,115.60043,78.589,4.80289,80.78009052,38688.78339,1.753544524,18.627,111.0510749,55.913,67.2,0.481269937,4.5,22.4,129,159.7361,0.964,12.17720698,79.75,77.5712,118.674,14.827
Korea (Republic of),0.916,Very high,23,83.03,16.48165,12.21376462,43043.71057,4,22,-1,0.815,0.064,11,1.379,16.66666667,80.43655096,95.46899485,52.892,73.102,51.225321,0.175,81.4,1.9695,36.981287,7.714626,43.734,1.11,..,2,2,2.5,2.727665,3.191755,32.342,79.266,197.6,358,0.13987,66,..,72.326136,7.603864,..,..,..,86.04469609,94.9852,98.0886,100.33825,94.34969,4.59437,2205.970737,42661.17226,1.830965529,15.57491,115.1585874,60.358,105.9,0.603849393,11.6,29.6,139,76.7094,0.23,2.271640807,95.8983,94.6165,129.673,27.207
Luxembourg,0.916,Very high,23,82.25,14.25582,12.31145,72711.67412,-19,23,0,0.826,0.065,5,4.727,25,100,100,54.914,63.67,0.61573,1.988,91.2,0.033087,0.431125,0.087891,39.729,1.45,..,1,1,..,1.942366,2.424876,41.193,66.343,247.7,371.9,..,8,0.3,70.993422,5.481074,..,..,..,100,91.90925,102.28595,103.65505,19.15177,3.95519,70.96664473,114481.5336,0.325616691,26.50427,115.0878151,56.146,107.6,0.337886923,5.8,15,128,381.5166,16.334,47.37847332,97.0613,95.973,132.165,-10.977
Spain,0.904,Very high,25,83.57,17.61613,10.25178,40974.52408,6,25,1,0.783,0.07,4,7.725,41.85667752,75.37,80.23754,51.853,63.429,46.736782,0.035,80.6,2.016208,30.741047,9.18307,44.858,1.33,..,2,2,..,2.534473,3.034473,37.537,74.537,225.7,384.3,..,9.4,0.3,71.597874,8.87313,98.4365,99.7439,99.6885,77.72236,92.45296,102.71029,126.0045,88.85301,4.20911,1924.655355,40883.32536,1.374664109,14.24821,110.961519,49.467,126.1,0.621079928,3.1,9.3,131,66.91707,0.856,13.06081318,86.1072,85.6031,115.871,6.371
France,0.901,Very high,26,82.66,15.64217,11.4795,47172.53748,-1,26,-1,0.82,0.049,8,4.727,36.86486486,81.69858,86.77103016,50.752,59.906,65.129731,0.253,80.7,3.669257,40.254241,13.281106,42.338,1.8523,..,1,10,..,3.379809,4.04425,48.187,95.352,222.7,369.1,..,8.9,0.3,71.502115,11.312892,..,..,..,84.02119,105.98598,102.51076,103.76003,65.629,..,3097.061752,46183.52179,1.366344017,24.22998,110.0485668,50.48,106.4,1.198636503,6.5,17.9,142,64.52273,0.563,12.79734348,82.0435,80.4143,108.408,16.51
Czechia,0.9,Very high,27,79.38,16.78511,12.72238228,38108.56662,9,26,-1,0.86,0.136,3,11.972,20.6405694,99.98682,99.90271,52.939,68.548,10.689213,0.202,73.9,0.555584,6.891998,2.116558,43.203,1.6413,..,1,8,..,2.66688,3.373006,51.325,108.785,331.3,541.2,..,5.4,0.1,68.601746,7.231339,..,..,..,99.97742903,106.41897,100.67099,103.49158,64.07869,5.58738,430.1410866,40314.2285,2.183523868,14.88648,116.475542,59.388,202.3,0.620240593,4.2,17.2,128,144.8765,2.066,4.796472779,80.6882,78.675,119.174,-3.581
Malta,0.895,Very high,28,82.53,16.10407,11.32613,39554.52078,6,28,2,0.823,0.175,6,12.879,14.92537313,78.70788,85.57332,46.047,67.06,0.440377,0.365,94.7,0.021657,0.285602,0.091676,42.596,1.45,..,2,4,..,6.090878,7.019245,35.056,63.699,287.5,410.8,..,14,..,71.065196,9.340999,94.50319,99.56088,99.05695,82.17869,107.71926,104.99837,104.75412,54.25992,5.20455,21.78508141,43340.19972,0.641326286,26.22825,113.4524741,54.564,141,1.593607358,2.8,10.3,137,261.0121,2.057,19.29028185,81.4031,81.4792,140.204,30.228
Estonia,0.892,Very high,29,78.75,15.989,13.14306146,36019.26692,9,30,2,0.829,0.086,9,7.698,29.7029703,100,100,57.102,71.008,1.325649,0.17,69.1,0.069037,0.842394,0.26501,42.424,1.5878,..,8,12,..,2.079275,2.647355,56.077,154.542,335.1,659.7,..,13,0.9,68.12886,6.429358,99.88579,99.95904,99.93924,100,92.38737,97.23017,117.52009,69.63503,5.17316,48.69966398,36710.41089,3.971681338,20.87575,122.1423128,60.308,195.3,2.116541299,4.4,25.6,127,141.1542,2.961,14.35086841,89.357,89.2705,145.438,21.363
Italy,0.892,Very high,29,83.51,16.0889,10.37955,42776.35692,0,29,-1,0.783,0.069,2,5.24,35.26315789,75.89580065,83.35229244,40.759,58.997,60.550092,-0.039,70.7,2.382555,38.643719,13.933984,47.288,1.33,..,5,6,..,2.593637,3.031152,37.246,65.423,250.2,375.9,..,7,0.3,71.237896,8.840259,99.15576,99.95,99.92,79.7274824,93.95802,101.87936,101.27041,61.933,3.82926,2557.37323,42412.66455,0.508128535,24.25046,110.6235956,44.655,100.8,0.569050661,2.6,8.4,139,60.13943,2.461,10.3612126,74.3872,71.7819,137.467,-20.419
United Arab Emirates,0.89,Very high,31,77.97,14.3441,12.11122,67462.0953,-24,30,6,..,0.079,3,6.546,50,76.02257,81.02851,52.391,93.389,9.770526,1.311,86.8,0.50075,8.218617,0.113021,32.621,1.42,..,1,1,..,6.491122,7.588882,44.863,69.555,460,517.2,0,1,..,64.379104,3.334282,93.22714,99.11,99.64,78.91768,77.97611,108.39706,104.94793,..,..,655.7894319,67119.13264,0.225275019,0.05931,114.5246605,80.166,106.6,0.463782488,0.8,3.5,125,160.9361,4.177,87.88936607,98.45,98.8,208.505,80.715
Greece,0.888,Very high,32,82.24,17.90792,10.55207,30154.63438,14,33,-3,0.791,0.116,3,7.223,20.66666667,62.01142044,73.20012,44.168,59.779,10.473452,-0.449,79.4,0.419667,6.719952,2.298057,45.55,1.3024,..,1,3,..,3.627613,4.450072,42.478,93.96,265,424.9,..,4.5,..,69.911484,8.04139,97.93595,99.07,99.26,64.82849046,74.3543,99.55348,104.49627,136.60257,..,324.8606536,30314.56628,2.028291371,26.19352,101.9493921,42.844,101.3,0.940863945,1.5,6.1,133,74.38447,-1.518,11.56621191,72.9521,71.0702,115.667,2.762
Cyprus,0.887,Very high,33,80.98,15.16887,12.17123,38206.84049,2,32,0,0.805,0.086,6,4.582,17.85714286,79.93714,83.76539,57.835,68.346,1.198574,0.783,66.8,0.065347,0.829949,0.168378,37.25,1.3375,..,2,14,..,1.867361,2.383076,32.883,64.711,306,487.3,..,5.4,..,69.899815,6.684569,98.67843,99.83831,99.80454,81.77329,83.71259,99.30669,100.33255,75.94081,6.29136,34.86927457,39544.68185,1.860235753,24.49603,102.5109919,58.472,52.1,1.261286411,1.9,7.2,103,142.643,4.222,16.01251486,84.4336,84.5601,100.934,-23.999
Lithuania,0.882,Very high,34,75.93,16.63731,13.07721,35798.67041,5,35,0,0.791,0.124,8,10.854,21.27659574,94.29903,97.43829842,56.538,67.74,2.759631,-1.483,67.9,0.147187,1.785699,0.556227,45.051,1.6698,..,4,7,..,3.25872,4.035743,78.821,212.885,390.9,800.1,..,44,..,66.563161,6.457564,99.8156,99.86662,99.84547,95.88641947,88.18839,103.87475,108.40176,72.41746,4.00847,103.0434074,36974.94634,4.478581131,16.85609,118.3820983,57.704,231.5,4.569356042,6.7,47.5,138,150.5807,-11.595,4.247603028,79.7226,79.8985,164.279,7.708
Poland,0.88,Very high,35,78.73,16.30117063,12.47232,31622.55302,8,34,0,0.813,0.115,2,10.538,27.85714286,83.14769421,88.50989554,48.629,65.459,37.887771,-0.099,60,1.878805,25.270301,6.864055,41.678,1.4202,..,2,7,2.6,3.803967,4.448728,61.842,160.653,347.2,628.1,..,16,..,68.117783,6.541954,98.74274,99.81581,99.77874,85.7883782,81.14455,100.0159,109.93363,67.82744,4.63931,1256.319158,33086.39033,4.157654901,17.40196,114.1117794,54.731,192,0.7304547,3.4,23.9,140,106.2425,-0.775,1.73138993,77.5417,77.304,134.748,12.253
Andorra,0.868,Very high,36,81.91,13.30023874,10.50176,56000.30336,-20,36,-4,..,..,..,..,46.42857143,71.48419414,73.32658,..,..,0.077146,-0.192,88,..,..,..,..,..,..,1,1,..,2.741686,2.893017,..,..,..,..,..,3,..,70.878305,10.320552,..,..,..,72.32676,..,..,..,..,3.22691,..,..,1.669679827,..,..,..,63.6,0,..,..,..,..,..,58.46620518,91.5675,90.2708,107.283,29.7273
Latvia,0.866,Very high,37,75.29,16.16769,13.03085,30282.39353,8,37,3,0.783,0.176,19,16.171,30,100,100,55.721,68.383,1.90674,-1.148,68.2,0.112516,1.208021,0.387774,43.941,1.7167,..,1,1,..,3.299729,3.862203,85.367,228.584,413.4,790.3,..,29,0.4,66.316512,5.955662,99.88931,99.86,99.78,100,95.61825,99.36784,110.72325,88.05743,4.71957,58.97145802,30830.09052,2.966010701,22.88849,116.8569846,57.408,182.7,4.355804966,5.1,31,128,119.7301,-7.64,12.4435228,83.5772,83.9624,107.349,-1.488
Portugal,0.864,Very high,38,82.05,16.53579,9.26347,33966.82756,2,38,-1,0.761,0.075,8,8.38,38.69565217,53.86539,54.81408,54.195,64.082,10.226178,-0.334,65.8,0.406298,6.584693,2.286358,46.158,1.288,..,1,1,..,3.101656,3.746524,42.442,103.994,245,424.7,..,24,0.5,70.209961,8.969574,96.13759,99.70156,99.62657,54.30303,93.88086,106.18313,119.91319,63.93581,4.88294,357.3551144,34797.99431,2.307710485,22.75518,110.6243586,55.086,127,0.789766806,3.8,14.3,139,87.64121,-0.584,8.685172685,74.661,73.0328,115.636,0.401
Slovakia,0.86,Very high,39,77.54,14.48704,12.69315651,32113.04569,3,39,-2,0.807,0.191,5,25.684,20,99.20638,100,52.182,67.442,5.457012,0.088,53.7,0.28388,3.727144,0.882511,41.249,1.502,..,1,4,..,4.630206,5.585907,64.214,144.821,367.9,635,..,5.8,0.1,67.611916,6.742535,..,..,..,99.2805,95.21526,98.73205,91.06786,46.63439,3.90267,178.852989,32792.55504,2.26147602,18.70197,115.3389877,56.23,188.8,1.136985269,2.6,18.4,108,185.2499,0.273,3.444814956,80.6603,80.5929,132.802,23.167
Hungary,0.854,Very high,40,76.88,15.20418,11.96329,31328.80599,4,42,1,0.791,0.233,12,23.979,12.56281407,96.40590548,98.44703744,48.469,65.503,9.68468,-0.242,71.6,0.457139,6.379505,1.907368,43.336,1.4911,..,1,1,..,3.571964,4.27063,80.586,168.058,444.6,773.4,..,6.4,0.1,66.78986,6.87999,99.1,99,98.69,97.37776958,82.28416,100.80547,103.48996,48.50038,4.71078,318.7235894,32622.85089,4.988096535,22.95338,121.6420474,54.548,174.6,2.487198635,6.2,22.2,127,162.9805,0.617,5.287144778,76.0744,74.8465,103.445,-17.552
Saudi Arabia,0.854,Very high,40,75.13,16.13575,10.22517,47495.42697,-16,40,-4,..,0.252,17,7.324,19.86754967,64.78652,72.38120855,22.115,78.372,34.268529,1.863,84.1,2.996924,24.579891,1.169371,31.797,2.34,..,4,5,..,6.033653,7.056381,76.148,91.872,508.5,609.5,0.02259,10,..,64.481133,5.230253,95.32863,99.28044,99.32152,68.84821,21.23175,99.7699,110.08628,68.03989,..,1609.323461,46962.14149,-1.333256379,8.92575,118.3998255,52.568,205.6,1.265815787,1.7,4.6,132,62.16307,4.058,38.29268068,93.31,91.4001,122.573,-65.471
Bahrain,0.852,Very high,42,77.29,16.25482,9.5192,42521.70451,-12,41,6,..,0.212,14,13.368,18.75,68.06703,74.3448,44.96,87.174,1.641164,4.308,89.4,0.108321,1.292844,0.041315,32.456,1.9982,..,1,1,..,6.06638,7.094626,56.217,72.073,430.1,449.5,..,11,..,66.587518,4.748105,97.46419,99.30134,99.97614,72.34712,53.66259,99.36305,98.59907,50.4819,2.32721,73.89503562,45025.77159,-2.630801304,..,117.5910781,72.838,233.3,0.523923468,2.1,7.9,..,151.4049,31.105,45.16047069,98.6434,98.5041,133.341,7.058
Chile,0.851,Very high,43,80.18,16.44755,10.58295,23261.29726,16,43,0,0.709,0.247,13,41.052,22.72727273,77.77333,81.11983,51.798,73.975,18.952035,1.237,87.6,1.182968,13.005676,2.251799,35.339,1.65,..,1,5,1.8,6.15089,7.192298,59.035,107.669,309.8,471.9,..,18,0.5,69.226434,8.98351,96.40228,99.01156,99.00582,79.64660737,81.76367,101.43016,101.83142,88.46442,5.40274,459.1349322,24226.15089,-0.133968534,18.21941,131.913567,58.202,245.5,4.404894484,3.8,16,122,56.76179,6.024,4.959846535,82.3275,80.7228,134.437,18.087
Croatia,0.851,Very high,43,78.49,15.22672,11.44932,28069.84837,6,44,2,0.783,0.116,8,8.681,20.52980132,94.62314444,97.42037796,45.446,57.49,4.130299,-0.612,57.2,0.186913,2.667232,0.861607,44.291,1.4461,..,2,7,..,3.958873,4.667069,49.809,117.544,358.6,618.8,..,8.4,0.1,68.210283,6.789134,99.12536,99.73572,99.71204,95.84457776,70.04889,96.47103,99.40242,67.86556,4.55695,115.9583913,28508.51661,3.450885156,21.96328,109.8156764,47.632,77.4,0.577421797,5.1,18.8,124,102.8498,-1.919,12.54345927,72.6888,70.8541,105.583,-8.284
Qatar,0.848,Very high,45,80.23,12.03595,9.73144,92418.23036,-43,45,0,..,0.185,9,9.922,9.756097561,76.09473255,66.24035425,56.811,94.73,2.832071,2.318,99.2,0.135135,2.404021,0.043131,32.264,1.8805,29.330603,1,1,..,5.842999,6.833584,31.873,41.498,425.5,488.2,..,31,..,66.26563,2.607429,93.46397,96.11466,94.0699,68.15886188,60.26741,103.84244,..,17.86992,2.86383,262.3940386,92651.07026,-1.95933104,..,115.3808498,86.741,46.8,0.365972376,1.1,7.3,..,86.54736,14.688,78.73005829,99.6528,99.79,141.856,24.072
Argentina,0.845,Very high,46,76.67,17.6542,10.94060102,21190.17661,16,46,-2,0.729,0.328,39,62.782,39.87730061,59.16116,54.82788,50.721,72.73,44.780675,0.961,92,3.741888,28.731877,5.034774,31.532,2.268,31.951948,9,6,7.9,8.849474,9.944955,79.483,147.086,334.5,552.4,0,27,0.4,66.791514,9.124315,99.00387,99.75765,99.24183,57.15751,76.08473,109.74146,108.7336,89.95852,5.46223,990.1771225,22033.94531,-3.130051379,10.0875,232.7510917,55.301,194.1,5.324478739,3.5,15,134,32.39367,0.109,4.941593447,74.2949,73.492,132.093,-7.487
Brunei Darussalam,0.838,Very high,47,75.86,14.31391,9.14,63965.09279,-38,47,-6,..,0.255,31,10.272,9.090909091,69.52,70.68244654,57.787,71.028,0.433296,1.06,77.9,0.032651,0.312732,0.022572,32.308,1.8482,..,1,3,19.7,9.828036,11.55226,98.803,143.719,497.2,562.8,..,68,..,65.262244,2.373208,97.21411,99.78966,99.63516,70.20271062,64.79933,103.15162,93.48278,31.39258,4.42541,26.90681992,62099.58785,2.832779993,..,99.02681657,58.781,136.1,0.494542721,2.8,6.2,130,108.5097,0,25.53538664,94.6,94.6,131.934,19.98
Montenegro,0.829,Very high,48,76.88,14.99968,11.58926489,21399.24713,13,48,2,0.749,0.109,6,9.313,28.39506173,87.96299899,98.18601054,46.484,62.778,0.627988,0.035,67.2,0.036873,0.417367,0.096639,38.8,1.7506,16.775986,6,58,9.393991,2.290434,2.545025,65.97,125.094,474.9,673.4,..,15,0.1,66.490225,..,98.84718,98.97,99.23,91.618581,69.3313,100.00255,89.87782,56.08097,..,13.30040241,21378.57483,3.635798404,..,116.3201173,46.341,179.1,2.229998901,3.6,12.6,140,109.4539,-0.765,11.30071164,71.5173,71.7128,180.694,-6.723
Romania,0.828,Very high,49,76.05,14.25988,11.0708,29497.23164,-1,49,2,0.73,0.276,19,36.211,19.56989247,88.15230784,93.55600967,45.315,64.736,19.364558,-0.702,54.1,0.94021,12.71012,3.638608,43.171,1.6198,..,6,10,..,6.130568,7.283268,73.319,171.82,442.6,747.2,..,68,0.1,66.359743,5.157888,98.8445,99.43968,99.41938,90.78313091,83.96366,85.15087,91.25939,49.38187,2.97411,578.9344601,29908.97859,4.703282159,14.58483,123.7803833,52.489,106.6,1.281649699,2.4,13.9,140,84.55987,-3.779,2.38865263,70.6813,69.6146,116.246,-2.747
Palau,0.826,Very high,50,73.93,15.7967036,12.49143,19316.97453,15,52,-3,..,..,..,..,13.79310345,96.88915,97.33132,..,..,0.018001,0.48,80.5,..,..,..,..,..,..,1,3,..,16.605363,17.923578,..,..,..,..,..,109,..,59.198261,11.961162,96.59374,99.17051,98.24561,97.1231,71.64592,112.56868,116.48511,..,..,0.323580178,18070.03845,1.143233089,21.29004,118.1686747,..,422.2,11.16632237,..,..,..,123.2981,..,28.13194136,..,..,134.407,53.5827
Kazakhstan,0.825,Very high,51,73.6,15.61293,11.8949,22857.46082,9,53,7,0.766,0.19,10,29.75,22.07792208,99.29102,99.64934,62.675,75.529,18.551428,1.326,57.5,1.947722,11.773924,1.419635,30.682,2.7638,37.77187,1,1,8.035833,8.819049,9.910992,94.435,220.812,626.1,1030.9,0,68,0.2,63.160211,3.125362,99.78163,99.85091,99.94014,99.45866,62.48212,104.37133,113.22753,61.74976,2.75095,487.8686904,26351.43864,3.159841981,11.7178,182.75,65.601,201,5.06083427,7.7,40.1,136,64.4315,-0.99,19.97450654,78.9039,77.8547,141.968,22.584
Russian Federation,0.824,Very high,52,72.58,15.02735,12.17244258,26157.04711,2,49,1,0.74,0.225,17,20.699,16.4516129,96.31389491,95.72820449,54.822,70.248,145.87226,0.131,74.6,9.400137,97.370771,22.018761,39.586,1.8205,..,3,2,..,6.136444,7.176271,120.336,321.526,485.8,926.6,..,54,..,63.74383,5.344578,99.73006,99.74909,99.64997,95.925678,86.78778,102.58246,103.38481,81.90931,3.74303,3968.180465,27043.93539,1.410731282,11.3846,180.7502637,58.968,386.4,8.209475626,7.5,48.3,137,49.07407,1.254,7.97996776,80.8647,80.0784,157.431,-8.23
Belarus,0.823,Very high,53,74.79,15.40479,12.30584324,18546.48713,14,49,-4,0.771,0.118,2,14.507,34.93975904,87.23838181,92.46538674,57.738,71.759,9.452409,0.021,79,0.5564,6.40523,1.43683,40.335,1.7099,19.027744,2,2,..,2.571163,3.420676,82.559,234.903,446.4,906.7,..,31,0.5,65.061839,5.925786,99.75656,99.87,99.83,92.2168,98.8549,100.50021,102.43953,87.42909,4.79499,181.286864,19149.63785,1.400047931,14.67257,..,61.184,344.4,2.39087279,6.2,39.3,135,133.346,0.924,11.31346278,79.1299,79.0091,122.925,13.241
Turkey,0.82,Very high,54,77.69,16.60266555,8.10682,27700.89481,-4,54,5,0.683,0.306,17,26.559,17.44966443,50.15919,72.23768638,34.013,72.586,83.429607,1.427,75.6,6.657872,55.883626,7.280089,31.549,2.08,40.7,1,3,6,9.103652,10.604918,62.33,119.237,414.3,676.3,0,16,..,67.813903,4.216303,96.15053,99.58643,99.90791,60.34626,32.73927,93.15498,105.99227,..,..,2349.995119,28167.39738,-0.464571483,17.87593,234.4371263,45.702,321.6,2.590475672,3.2,11.3,149,61.3945,3.487,7.044056238,71.0428,63.9338,97.3013,11.898
Uruguay,0.817,Very high,55,77.91,16.83564,8.92573,20063.64222,9,56,1,0.712,0.288,17,58.727,20.93023256,58.83082,54.57922,55.579,73.324,3.461731,0.359,95.4,0.237813,2.23629,0.517239,35.76,1.98,..,1,4,10.7,6.446648,7.580127,76.015,139.322,340.2,580.1,..,33,0.6,67.446578,9.296212,98.70386,99.16599,98.60475,56.83214,93.38856,108.45944,120.22431,63.12577,4.8403,74.63866158,21561.06205,-0.137889197,20.09196,202.9219834,58.431,297,12.06045302,7.1,26.8,131,41.0301,-0.871,2.353791481,68.2797,64.2392,149.904,17.817
Bulgaria,0.816,Very high,56,75.05,14.41442,11.36009,23324.6574,2,55,-2,0.721,0.206,10,39.86,25.83333333,94.43896,96.42635,49.239,61.983,7.000117,-0.711,75.3,0.314546,4.484372,1.487758,44.596,1.5584,..,6,7,7,5.919699,7.05559,86.496,183.956,483.8,806,..,22,0.1,64.582479,8.095603,98.35245,97.65106,98.06693,95.49784429,76.96318,89.33377,98.18347,71.03066,4.07685,161.0796839,23091.34214,4.101821143,20.18226,114.4183932,52.964,94.3,1.304666594,3.2,13.1,113,123.7231,-0.679,2.407330504,64.782,63.4094,118.117,-19.256
Panama,0.815,Very high,57,78.51,12.90561,10.24,29557.66834,-10,58,5,0.643,0.407,52,81.828,21.12676056,74.83046639,68.56481576,53.428,79.906,4.24644,1.673,68.1,0.389067,2.756235,0.353043,29.677,2.4688,21.459486,4,3,19.0177,13.140066,15.270906,76.653,148.159,311.3,430.8,0.19451,52,0.9,69.244609,7.319491,95.41181,98.87429,99.3122,72.203737,62.23504,94.38599,76.13718,47.79936,..,133.5874193,31458.69263,1.318918339,..,122.0687134,63.991,396.5,9.385022462,1.2,7.6,124,89.39215,2.704,4.358287026,57.8651,52.4708,130.068,-52.389
Bahamas,0.814,Very high,58,73.92,12.89945,11.43692,33747.21264,-17,58,-3,..,0.341,70,30.001,21.81818182,88.01810676,90.98156923,68.086,81.581,0.389486,0.993,83.1,0.026659,0.274359,0.029147,32.25,1.76,..,9,15,..,8.316207,10.234809,116.813,193.627,351.9,511.2,..,14,1.8,64.238416,5.758889,..,..,..,88.43801823,34.52118,81.36117,69.47309,..,..,13.93675569,35782.7979,0.795068675,14.77463,116.2189112,66.835,460.6,31.95817147,0.5,2.8,82,77.3504,2.606,16.16557376,85,..,98.9508,-21.7382
Barbados,0.814,Very high,58,79.19,15.39288672,10.64244442,14935.90942,20,60,-6,0.676,0.252,27,33.55,29.41176471,94.58,92.2,61.693,69.079,0.287021,0.144,31.2,0.015122,0.1915,0.046584,40.493,1.62,19.696945,8,8,7.707825,11.276381,12.173395,91.939,129.531,436.7,638.5,..,0.4,1.5,66.699631,6.779127,99.6,99.9,99.92,93.15092836,86.82879,99.35135,103.7039,..,4.65652,4.488735151,15638.8299,-0.229793192,27.49446,134.0911741,58.488,296.2,9.768350544,0.3,0.8,118,83.69167,-0.277,12.12681822,81.7608,..,122.573,-1.504
Oman,0.813,Very high,60,77.86,14.18214,9.731845912,25944.07218,-5,56,-3,0.706,0.306,19,13.056,9.88372093,73.4094,63.65985,30.986,89.895,4.974992,3.591,85.4,0.450542,3.739064,0.121679,30.604,2.93,23.2,1,1,11.4,9.815247,11.417837,63.183,101.388,404.6,528.8,0,5.9,0.2,64.758685,3.849072,95.65153,98.97943,98.35663,66.63262711,52.21419,103.39206,106.66599,38.03621,4.97011,138.7838847,27896.33673,-2.439315106,..,113.5292858,70.436,..,0.269180342,0.9,4.8,117,100.6861,18.647,45.95442078,80.1856,74.028,133.366,-18.08
Georgia,0.812,Very high,61,73.77,15.27506,13.13296,14428.79984,22,63,7,0.716,0.331,25,46.408,14.76510067,97.22793,98.55128227,57.423,80.841,3.996762,-0.175,59,0.27406,2.594201,0.60195,38.268,2.0615,20.375309,1,1,11.3,8.731954,9.813767,77.23,221.61,577.7,981.9,0,80,0.4,64.491235,7.601659,99.36426,99.49365,99.76825,97.95188,..,98.63084,105.97872,63.9155,3.84974,55.85888758,15014.28821,5.311090725,21.73998,133.6124667,58.492,239.2,2.223362494,1.9,12.3,114,116.8685,-2.496,1.977474282,63.9686,62.583,133.398,36.3464
Costa Rica,0.81,Very high,62,80.28,15.65154,8.74194,18486.37141,6,61,-3,0.661,0.288,27,53.46,45.61403509,55.41832,53.33728,48.145,76.245,5.047561,0.991,80.1,0.351168,3.484881,0.498724,33.462,1.7639,32.540791,4,5,5.6,7.592424,8.789056,56.969,113.079,310.7,429.4,0.04,10,0.4,69.379944,7.328796,97.86379,99.53,99.34,54.44284,97.93651,113.29429,132.81693,55.20794,7.02824,99.1463023,19642.41785,1.110662122,13.58842,128.8458694,54.737,287.4,11.2612545,2.3,12.8,123,66.09901,0.845,8.27663103,74.0868,74.4795,169.931,101.5868
Malaysia,0.81,Very high,62,76.16,13.67864,10.37283,27534.09856,-11,63,1,..,0.253,29,13.414,15.51724138,72.19998,76.52552306,50.748,77.102,31.949789,1.338,76.6,2.620281,22.168126,2.21117,30.262,2.0105,40.3,1,3,20.7,6.651566,7.775533,84.296,160.383,446.4,551,0,92,0.4,65.651261,3.859398,94.85441,97.01853,96.69582,74.72540548,99.22442,105.2916,81.99226,45.12539,4.53477,905.795035,28350.59021,2.954839384,12.02969,121.4630895,62.152,178.1,2.127665134,3.6,8.7,121,123.091,1.596,10.73678855,81.2017,78.7267,134.526,14.494
Kuwait,0.806,Very high,64,75.49,14.24582,7.275667996,58590.08219,-51,62,-5,..,0.242,12,8.194,4.615384615,56.56559,49.08439,49.683,87.512,4.207077,2.148,100,0.297058,3.183769,0.116286,36.781,2.1,..,1,2,6.4,6.717847,7.85264,41.12,69.179,541.4,603.6,..,23,0.1,70.25079,5.291385,96.05647,99.50355,98.77679,51.52655,62.45247,92.36027,97.82772,54.36414,..,209.7068653,49846.14407,-1.252907391,1.38078,126.6015121,71.889,147.9,..,1.7,2.5,141,100.4876,9.751,72.13656113,99.6,99.7875,178.591,45.593
Serbia,0.806,Very high,64,76,14.73747,11.19411,17191.66873,8,65,3,0.705,0.132,12,14.706,37.65182186,86.30764,93.61761,47.407,62.81,8.772228,-0.317,56.3,0.421906,5.76498,1.643963,41.575,1.4612,12.844851,1,13,5.98217,4.827456,5.548286,74.794,141.791,478.7,717.7,..,17,0.1,66.326485,8.433958,98.84151,99.72468,99.71523,89.79983,62.28713,100.30193,95.08724,67.15866,3.71509,126.2580828,18179.77498,4.751601285,18.5525,143.9975736,47.915,156.4,1.226890579,5.2,17.3,111,112.6441,0.454,9.351231471,73.3607,70.0816,97.5831,-12.6949
Mauritius,0.804,Very high,66,74.99,15.0566,9.54,25266.21195,-10,66,-2,0.694,0.347,61,25.735,20,65.82596337,68.47050719,45.151,71.985,1.26967,0.195,40.8,0.064782,0.89818,0.152345,37.457,1.3885,..,3,1,..,13.558788,15.503538,93.506,188.405,457,696.1,..,13,1.3,65.154488,5.718721,91.32539,99.35342,98.73798,67.20028279,98.11879,101.1076,95.0962,40.59604,4.83459,29.09786258,22989.34163,3.517404944,19.12492,129.9140349,54.421,193.1,2.919860099,2.2,12.5,126,92.80898,0,2.272168787,58.5962,56.3968,151.359,55.9309
Seychelles,0.796,High,67,73.4,14.14966,9.992045,26903.24617,-15,69,2,0.67,..,53,62.05,21.21212121,..,..,..,..,0.097741,0.697,57.1,0.008025,0.066907,0.00763,34.181,2.46,..,1,1,7.9,12.438488,14.452186,97.723,201.609,434.2,755.4,..,18,..,64.361573,5.006735,95.86771,99.6,98.56,..,95.36403,100.37949,81.44791,17.07985,4.41832,2.836567463,29055.74866,3.782500062,34.11632,129.9581975,..,393.8,12.53774383,2.1,15,..,155.2459,-2.069,13.22501765,58.7698,..,184.298,55.455
Trinidad and Tobago,0.796,High,67,73.51,12.96,11.034,26230.71569,-14,67,-1,..,0.323,67,30.09,32.87671233,74.45364195,71.21323836,50.062,70.239,1.394969,0.421,53.2,0.090291,0.957238,0.155095,36.176,1.7299,21.458683,3,1,9.190787,16.351057,18.299488,108.616,186.336,519.2,755.7,..,21,..,65.18486,6.978735,98.7,99.6,99.55,73.45789481,..,..,..,..,..,36.51474591,26175.95173,-0.3690367,19.51373,141.7532757,58.347,287.7,30.64950684,4.3,21.9,126,..,-0.578,4.24732235,77.3261,45.7803,140.057,-2.566
Albania,0.795,High,69,78.57,14.69562,10.14573,13998.29989,18,68,-4,0.708,0.181,15,19.642,29.50819672,93.69974565,92.49715395,46.712,64.568,2.880913,-0.088,61.2,0.169051,1.970482,0.409158,36.399,1.62,36.538513,1,5,11.32335,7.845715,8.823329,49.486,93.315,462.5,651.7,..,18,..,68.859483,..,98.14115,99.63,99.05,93.17388938,80.49873,106.99342,95.43233,54.96133,2.46866,39.84963419,13961.7966,2.650431413,18.55748,119.0492584,48.86,184.4,2.289492444,4.3,7,138,76.7283,-4.854,1.706401122,71.847,..,94.177,2.8489
Cuba,0.783,High,70,78.8,14.2809,11.7907808,8620.716216,45,71,5,..,0.304,36,51.592,53.2231405,85.78221304,89.09394165,40.7,66.813,11.333484,0.003,77.1,0.587421,7.751267,1.764062,42.211,1.6166,32.832527,1,1,..,3.70844,4.975587,73.993,113.198,337,470.5,..,7.2,0.4,68.428987,11.711327,99.75253,99.8952,99.85527,87.9,98.23532,101.90455,101.13724,41.37902,..,..,..,2.258589685,..,..,52.703,..,5.046268637,4.1,16.4,140,27.09477,-1.271,0.043111195,57.1484,39.7031,47.3915,38.45662
Iran (Islamic Republic of),0.783,High,70,76.68,14.81373,10.34749,12446.66645,26,70,1,0.693,0.459,16,40.635,5.882352941,67.35319,72.83602046,17.541,71.509,82.913893,1.355,75.4,7.582783,57.199594,5.272106,31.972,2.15,53.1,1,1,6.83,12.394828,14.40131,49.574,83.386,532.5,587.3,0,14,0.1,66.828709,8.659664,85.54425,97.92513,98.26797,70.15283767,53.86047,110.70754,86.31149,68.11609,3.95536,1172.665505,14535.86306,2.327694199,7.35848,550.9294253,39.581,293.4,2.499168375,3.1,4.9,129,48.78064,-0.677,3.23493866,70.0046,66.1502,108.462,35.1839
Sri Lanka,0.782,High,72,76.98,14.11107,10.63257,12707.36624,23,73,0,0.673,0.401,36,20.926,5.333333333,79.19807,81.01227,35.436,74.592,21.323734,0.478,18.6,1.677484,13.904084,2.311283,33.95,2.2102,82,1,1,17.28466,6.363136,7.439991,56.065,151.16,431.9,612.7,0,64,0.1,66.945842,3.811421,91.70982,99.04459,98.50948,80.0248,91.49259,100.16202,100.33522,19.63024,2.11189,285.1417732,13078.09812,1.659528188,11.91915,155.528883,51.652,97.5,2.421243634,6.2,23.3,116,52.37086,-4.631,0.187668829,34.1133,..,115.061,29.3857
Bosnia and Herzegovina,0.78,High,73,77.4,13.8,9.81787,14871.81114,7,76,8,0.667,0.149,10,9.642,21.05263158,73.99215,89.32075,35.387,58.05,3.300998,-0.886,48.6,0.137598,2.248142,0.567816,43.108,1.27,18.189299,11,32,8.886561,5.005554,5.805168,59.775,115.278,433.5,628.5,..,25,0.1,66.959491,8.931667,96.99177,99.66747,99.65765,81.36289,..,..,..,..,..,49.16769062,14894.78662,3.295174693,20.44076,104.8961374,37.847,84.1,1.17331026,2.5,10.6,130,95.88062,-6.434,1.082550742,70.1201,68.3368,104.126,20.1898
Grenada,0.779,High,74,72.4,16.86987,9.032104,15640.88574,3,74,2,..,..,25,29.177,39.28571429,..,..,..,..,0.112002,0.526,36.4,0.009064,0.074598,0.010842,31.982,2.0732,..,4,6,..,13.743754,15.221033,117.738,179.054,525.6,707.1,..,2.1,..,64.025745,4.757117,98.6,99.5,98.95,0,100.48913,106.85076,120.11834,104.56188,3.17043,1.931103305,17241.53197,2.620827416,..,107.4262616,..,414.4,10.82309649,1,2.1,98,110.0476,-1.801,6.360543914,59.0717,..,102.077,-12.714
Mexico,0.779,High,74,75.05,14.80978,8.75461,19159.83967,-8,76,4,0.613,0.322,33,60.365,48.40764331,62.22734,64.2385,44.185,78.452,127.575529,1.129,80.4,11.040971,84.707907,9.461864,29.171,2.14,28.6,16,27,10.02702,10.956267,12.730193,95.815,184.379,399.5,525.8,0.30016,23,0.2,65.355727,5.516541,95.37991,99.38847,99.24864,63.16684,73.72507,105.77001,104.38503,40.22896,4.90983,2519.161968,19746.43561,-1.229450298,13.08293,141.542523,58.602,155.6,29.07106163,2.3,8.2,130,78.17597,-0.478,0.83143453,65.7726,64.4123,93.0078,12.9122
Saint Kitts and Nevis,0.779,High,74,74.76,13.84533,8.662745,25037.50727,-17,75,0,..,..,..,..,13.33333333,..,..,..,..,0.052834,0.761,30.8,..,..,..,..,..,..,1,3,..,9.773979,11.978838,..,..,..,..,..,0,..,63.113995,5.036807,..,..,..,..,90.36145,108.73554,106.91421,86.68149,2.60631,1.39223209,26356.55094,1.763425876,18.46136,104.5654385,..,423.1,..,..,..,102,122.6706,..,14.36306155,80.7102,..,147.714,-15.498
Ukraine,0.779,High,74,72.07,15.07384705,11.39749842,13215.9357,19,78,-1,0.728,0.234,19,23.711,20.51886792,94,95.24,46.732,63.094,43.993643,-0.536,69.5,2.183943,29.63206,7.349111,41.178,1.4435,19.728706,8,7,..,7.478854,8.734631,..,..,514.3,923.6,..,80,1,64.621561,6.99532,99.97435,99.98272,99.95707,94.59701166,..,99.04094,95.99927,82.67118,5.41226,538.3883984,12810.28945,3.827901957,20.14089,281.6585956,49.341,128.3,6.183730571,4.7,34.5,118,90.17379,0.226,11.28411567,58.8895,57.0003,122.551,4.783
Antigua and Barbuda,0.778,High,78,77.02,12.77203,9.293740746,20895.35881,-15,80,1,..,..,42,42.782,31.42857143,..,..,..,..,0.097115,0.912,24.5,0.00738,0.066999,0.008792,33.976,2,..,1,7,..,5.021661,6.441448,83.136,126.917,464.8,667.5,..,6,..,66.619546,4.533532,98.95,..,..,..,70.2536,105.02127,111.19604,..,..,2.127705673,21908.4585,3.753872928,..,113.8076204,..,317.7,..,0.9,0,99,90.18543,0,30.07372475,76,..,192.82,2.006
Peru,0.777,High,79,76.74,14.99071,9.69633,12252.30018,19,78,0,0.628,0.395,88,56.882,30,58.94257,69.37365,70.281,85.143,32.510462,1.578,78.1,2.810091,21.571337,2.728791,30.984,2.27,66.4,3,15,12.1576,11.105,14.307944,84.815,146.37,361.7,477.6,4.65254,123,0.3,69.904446,4.99515,94.40827,98.96697,99.0792,64.09505,103.51692,106.94512,106.44541,70.73786,3.71993,417.6905682,12847.88521,0.512493735,14.3219,129.7845443,75.063,284.3,7.909223863,2.7,7.6,118,47.12189,3.123,2.405900035,52.5403,49.8579,123.76,23.459
Thailand,0.777,High,79,77.15,15.0291956,7.9391,17781.19093,-10,80,8,0.646,0.359,37,44.908,14.13333333,43.47807,48.56179,59.2,76.08,69.625581,0.313,50.7,3.647927,49.274163,8.637966,40.102,1.5346,23.044815,1,4,10.51544,7.798036,9.10395,77.992,186.853,348.2,521.5,0.36297,153,1.1,68.399661,3.746016,93.76776,98.59393,97.69088,45.90935,78.9936,99.77436,117.73881,49.28681,4.12402,1285.503648,18463.09375,2.082137968,14.92775,113.26565,66.818,527.6,2.582003648,4.8,21.4,112,110.2992,0.281,5.220904293,56.8175,55.9048,180.183,73.44
Armenia,0.776,High,81,75.09,13.06861,11.30174,13894.01302,9,72,-4,0.699,0.245,26,21.49,23.48484848,97.26805434,97.15172,47.074,65.887,2.957728,0.256,63.2,0.208382,2.003873,0.339653,35.374,1.7559,44.490414,4,5,9.398946,11.043854,12.380639,65.595,173.428,489,778.3,0,31,0.2,66.637357,10.362705,99.73607,99.87416,99.82128,97.22247,38.02129,92.71525,83.15068,54.57048,2.70759,40.38411826,13653.74953,7.383361638,20.8701,129.1760073,46.173,76.8,1.693915557,2,10.1,127,91.43229,-1.697,6.429218884,64.7449,63.4366,121.259,-13.08
North Macedonia,0.774,High,82,75.8,13.5852,9.812715,15864.63074,-7,82,2,0.681,0.143,7,15.723,39.16666667,41.82646897,57.68280295,42.986,67.346,2.083458,0.039,58.2,0.113664,1.448437,0.293466,39.138,1.5,23.019989,2,25,4.948352,8.661897,9.899836,63.418,119.81,525.9,736.9,..,13,0.1,65.380456,6.062115,97.8,98.5,98.76,49.925569,40.98351,97.12595,81.44688,42.45998,..,34.38975236,16506.08548,3.52568353,17.65038,113.3958333,45.309,108.3,1.200216807,3,9.7,120,137.2766,-0.48,6.296020224,79.1678,77.3705,98.4558,-5.5372
Colombia,0.767,High,83,77.29,14.39861,8.46873,14256.67085,3,83,2,0.595,0.428,83,66.651,19.56521739,55.74167,53.01833,57.349,80.902,50.339443,1.367,81.1,3.730197,34.539588,4.412604,31.307,1.82,36.672966,8,5,12.74442,12.230237,14.209519,77.999,151.616,396.2,547.3,8.50137,33,0.4,69.57026,7.226281,95.09251,99.0696,98.63383,54.74392167,..,114.52666,97.50623,55.32749,4.50259,741.5445421,14730.88493,1.90442505,14.40264,140.9503739,62.095,234.6,25.3438026,2.8,11.5,131,38.09476,4.162,2.269232498,62.2599,62.4199,129.909,31.5565
Brazil,0.765,High,84,75.88,15.41401,7.9813,14262.93459,1,84,-2,0.57,0.408,60,59.111,14.98316498,61.55127,58.26034,54.208,74.102,211.049519,0.776,86.8,14.57196,147.18423,19.525521,33.481,1.74,..,19,9,6.958022,12.820959,14.350822,91.421,188.528,370.3,555.8,5.12437,45,0.5,65.199085,9.467477,93.2275,99.43153,98.98358,60.37232759,96.28878,115.44784,100.82772,51.3436,6.24106,3092.216665,14651.61618,0.379344236,14.17861,167.3978603,56.165,344.2,27.38253029,2.8,9.7,132,28.97662,0.102,0.382377545,67.4713,67.3369,98.8435,-1.7775
China,0.761,High,85,76.91,13.98429,8.06,16057.39642,-11,87,12,0.639,0.168,29,7.635,24.94117647,76.03371735,83.28977254,60.451,75.274,1433.783692,0.456,60.3,85.041078,1014.0191,164.48666,38.422,1.69,20.8,1,1,8.1,7.363276,8.600744,60.272,93.777,476.6,613.1,0,61,..,68.5261,5.151193,96.84089,99.78338,99.78379,79.15076793,88.09341,100.22275,..,50.60444,..,22526.55932,16116.70428,5.730120691,9.41932,125.0831557,65.05,110.4,0.527090789,8.3,7.9,128,35.68009,-0.245,0.07072592,54.3,..,114.955,52.1996
Ecuador,0.759,High,86,77.01,14.6008,8.907169486,11043.98255,19,84,-4,0.616,0.384,59,79.261,37.95620438,52.48502,53.26757,55.212,81.066,17.373657,1.692,64,1.662472,11.279129,1.280815,27.93,2.44,..,15,17,23.93679,12.247971,14.230184,88.072,161.14,361.3,455.7,3.32036,44,0.4,66.737038,8.257429,92.82979,99.40242,99.10982,53.00729762,66.13675,103.26795,101.43565,44.89223,4.9987,197.6311591,11375.33118,-1.612368673,..,124.1426747,65.338,219.5,5.800627346,3.8,10.7,114,46.73991,2.15,2.195892841,57.2722,53.5403,92.3233,-6.1419
Saint Lucia,0.759,High,86,76.2,13.99927,8.508470732,14615.56978,-4,86,6,0.629,0.401,117,40.536,20.68965517,49.22039668,42.0644932,59.537,74.999,0.182795,0.496,18.8,0.010931,0.131163,0.018345,34.495,1.4442,3.4969528,1,4,2.485314,14.87861,16.61896,97.187,174.722,422.2,565.3,..,3.2,..,65.149788,4.545887,..,..,..,45.9543112,73.91699,102.59824,89.36041,14.06653,3.67959,2.823885067,15448.79407,1.227401354,18.21977,110.1320704,53.209,291.2,21.4415306,2.1,12.7,106,..,0,4.586137097,50.8152,..,101.68,-12.179
Azerbaijan,0.756,High,88,73.01,12.89364,10.57543,13783.67995,3,88,1,0.684,0.323,26,55.838,16.80672269,93.9019,97.50076,63.411,69.737,10.047719,1.046,56,0.848366,7.044624,0.647714,32.333,2.0835,12.1,4,2,17.77246,19.187667,21.523393,89.073,149.499,541.5,804.4,0,63,..,63.011013,6.651829,99.79123,99.91311,99.96065,95.64132,39.71233,99.7221,94.48008,27.7085,2.47382,144.3743737,14403.85047,1.366684408,12.97127,156.8914084,62.838,219.7,2.201107449,1,4.3,129,86.04388,0.121,2.526812556,79.8,75.9826,103.921,3.172
Dominican Republic,0.756,High,88,74.08,14.22252,8.123720269,17591.06522,-18,89,10,0.595,0.455,95,94.26,24.32432432,59.65802317,56.14466192,51.43,77.435,10.738957,1.072,81.8,1.006544,6.979563,0.783768,28.002,2.36,4.564405,1,4,7.123828,24.123915,28.846803,114.55,197.349,427.6,560.8,0.12027,45,0.9,64.215446,6.136395,93.77846,98.86737,98.81259,56.87582442,51.43738,105.69865,79.93869,59.91559,..,197.8012354,18419.03426,3.993214158,13.02493,135.4986914,60.562,245.4,10.04973395,3.2,17.9,121,52.9604,-2.84,5.285875967,74.8243,75.0412,84.1021,-7.6222
Moldova (Republic of),0.75,High,90,71.9,11.53408,11.70817,13663.60669,2,91,0,0.672,0.204,19,22.415,25.74257426,96.58683,98.10793,40.49,45.983,4.043258,-0.181,42.7,0.206428,2.915077,0.485719,37.597,1.2552,36.370293,9,3,6.410355,13.58314,15.791328,95.579,237.424,619.1,974.1,..,86,0.6,65.14942,7.012951,99.35989,99.81553,99.8067,97.28972,86.70315,90.61876,86.90614,39.82124,5.51108,34.63928009,13033.86433,5.340856541,17.69163,166.1962796,40.728,172.5,4.096792902,3.8,24.1,94,85.76873,-0.342,2.589814217,76.1245,66.8995,88.014,25.5925
Algeria,0.748,High,91,76.88,14.60430179,7.986547848,11173.95681,13,91,0,0.596,0.429,112,10.071,21.54882155,39.08,38.9,14.591,67.404,43.053054,1.975,73.2,5.024616,27.079011,2.821173,28.521,3.05,25.391212,4,20,11.6896,20.149825,23.482073,80.672,102.851,430.7,462.8,0,69,0.1,66.303466,6.374322,81.40784,97.25216,97.59406,38.92,..,109.88282,..,51.36567,..,488.6392714,11349.70057,-1.130692304,..,151.3616678,36.333,149.2,1.364276397,1.8,4.9,145,52.04477,-0.239,0.578530387,59.5797,50.314,121.932,30.8189
Lebanon,0.744,High,92,78.93,11.28587,8.718636,14654.53395,-11,90,-6,..,0.411,29,14.5,4.6875,54.31374759,55.56182719,22.874,71.41,6.855709,0.877,88.8,0.591923,4.603924,0.498665,29.563,2.09,..,4,18,..,6.36118,7.437716,53.338,76.205,516.4,635.7,..,11,0.1,66.040857,8.195544,95.06944,99.83898,99.66274,54.884196,..,..,..,..,2.43467,100.8979276,14717.34998,-5.73060146,15.30874,130.0246118,44.085,92.3,2.492926503,2.2,4.2,123,63.61167,-4.493,27.18715034,78.1808,..,64.4981,6.6821
Fiji,0.743,High,93,67.44,14.42733,10.90163,13009.07311,1,93,1,..,0.37,34,49.353,19.60784314,79.38022,78.18903504,38.475,76.471,0.889955,0.63,56.8,0.090074,0.579195,0.050059,27.93,2.7874,..,1,4,..,21.619706,25.620914,174.97,256.995,646.4,984.9,..,54,..,59.659262,3.500745,99.08211,99.81083,99.67991,78.683,..,106.43889,..,..,3.88289,12.32890031,13853.42857,0.328525707,24.18668,132.2972456,55.279,209.4,2.308277367,2.5,8.8,123,..,-7.027,1.577386671,49.9664,..,117.831,36.6603
Dominica,0.742,High,94,78.21,12.966179,8.142186,11883.95528,7,94,-6,..,..,..,..,25,..,..,..,..,0.071808,0.225,70.8,..,..,..,..,..,..,1,8,..,32.873737,35.685738,..,..,..,..,..,6.4,..,63.121212,5.876889,..,..,..,..,95.69707,114.72662,94.25424,..,3.38688,0.872866359,12155.5587,5.394400251,..,103.8696284,..,267.6,26.58830115,..,..,119,139.7866,..,11.50846702,69.6197,..,105.788,-43.154
Maldives,0.74,High,95,78.92,12.2,7.020278,17416.77777,-24,98,8,0.584,0.369,53,7.81,4.597701149,45.41076032,49.56869299,41.634,84.227,0.530957,3.449,40.2,0.036532,0.406227,0.019286,29.906,1.88,63.032921,1,1,18.96378,7.378392,8.618255,42.149,67.456,404.4,497,..,33,..,69.114543,9.029976,97.73495,99.08863,98.39115,47.60618681,91.54715,97.1098,..,31.22359,4.06728,10.04262198,18914.33325,2.19260453,9.10067,99.70402686,65.507,373.4,0.721861826,1.6,3.6,92,135.7374,22.844,13.04239735,63.1857,..,166.364,31.197
Tunisia,0.74,High,95,76.7,15.12561,7.22022,10414.06361,14,94,7,0.596,0.296,43,7.841,22.58064516,42.43799338,54.564,23.777,69.433,11.694721,1.111,69.3,1.019264,7.856567,1.004999,32.835,2.2,13.545378,3,5,8.407962,14.605439,16.992094,67.321,106.668,460.6,630.4,..,35,0.1,67.436204,7.232457,79.03643,95.80119,96.61184,44.86100117,44.61507,115.44597,92.8658,31.74652,6.59921,125.7834847,10755.57991,-0.076234101,21.12789,155.3253735,38.734,194.6,..,2.2,4.4,149,110.5352,-0.348,0.491290128,64.1908,..,127.707,23.203
Saint Vincent and the Grenadines,0.738,High,97,72.53,14.09404,8.784648,12377.65413,0,96,-3,..,..,68,49.02,13.04347826,..,..,54.361,77.01,0.110593,0.327,52.6,0.007822,0.075276,0.010774,32.894,1.9019,..,1,1,..,14.83352,16.383319,125.132,206.879,541.3,790.1,..,6.3,..,63.636212,4.487125,..,..,..,..,76.08959,113.40437,107.22641,23.66992,5.68122,1.378628423,12466.23464,-0.001455887,25.35766,109.6656736,53.432,426.4,36.54069263,0.9,3.9,120,85.203,-1.817,4.242736619,22.3943,..,96.0657,-25.6753
Suriname,0.738,High,97,71.68,13.188028,9.261387,14324.37746,-13,98,-5,0.535,0.436,120,61.655,31.37254902,61.52695926,60.08498798,38.753,63.668,0.581363,0.96,66.1,0.052453,0.384127,0.04078,28.988,2.4298,2.7725089,19,36,8.79593,16.857607,18.868825,118.443,219.754,503.6,759.9,0.34088,38,1.4,62.926625,6.22977,94.38327,98.39996,98.87544,60.532227,86.15779,108.84212,82.26363,..,..,9.493040904,16328.68612,-1.690189701,..,294.6647727,47.385,192,5.433820449,10.9,36.1,114,90.9614,-1.745,7.939322843,48.9452,..,130.605,32.1103
Mongolia,0.737,High,99,69.87,14.20655,10.2512725,10838.6743,7,97,-3,0.634,0.322,45,30.993,17.33333333,91.49138376,86.13348867,53.304,66.384,3.225166,1.785,68.5,0.378629,2.096756,0.135114,28.181,2.9023,50.202526,1,2,9.415733,14.036803,16.324189,123.173,288.357,649.3,1053.9,..,428,0.1,60.436463,4.002301,98.42312,99.08,98.19,89.01067752,86.66912,104.04036,..,65.59544,4.08578,39.7010686,12309.77143,3.308207872,16.77678,195.7629029,56.089,151.5,6.182547929,3.8,23.3,102,125.7589,-0.272,0.65509786,23.7143,51.1065,133.178,40.8778
Botswana,0.735,High,100,69.59,12.8495,9.56,16437.14142,-27,102,5,..,0.465,144,46.061,10.76923077,89.64,90.88785182,65.375,76.898,2.303703,2.067,70.2,0.272106,1.425288,0.100587,24.044,2.8944,29.994354,2,3,28.93662,29.985406,36.465976,161.962,249.384,579.3,720.8,0.5882,275,20.3,54.061728,6.134568,86.82318,99.13954,95.75475,90.45964308,21.44787,103.23839,..,24.85997,..,40.92860521,17766.48804,0.750508476,19.54851,149.7536988,57.935,197,..,5.7,18.3,100,74.11064,1.341,4.800804967,47,33.7539,150.006,31.069
Jamaica,0.734,High,101,74.48,13.1407323,9.73305,9319.131127,13,98,-2,0.612,0.396,80,52.757,19.04761905,70.04393986,62.36603341,59.782,72.468,2.948277,0.479,56,0.233254,1.991457,0.263055,30.725,1.991,23.779669,3,6,5.997916,12.408019,14.416682,104.39,175.464,395.4,480.3,..,2.9,1.9,66.513584,5.988417,88.1,98.8,93.86,66.18737738,73.3331,90.99539,82.28867,27.13061,5.40731,28.7796211,9761.498522,0.24149631,26.80984,162.501817,60.746,132,43.85228153,0.9,3.2,112,89.02638,-3.873,0.795989796,55.0721,58.8841,101.027,-12.193
Jordan,0.729,High,102,74.53,11.3787006,10.518,9858.487276,8,103,-3,0.622,0.45,46,25.877,15.38461538,82.15009517,86.05994058,14.386,63.742,10.101697,1.926,91.2,1.087481,6.31803,0.393317,23.771,2.7723,25.40476,10,13,7.776619,13.890182,16.151971,89.001,123.898,542.4,693,..,5,0.1,67.972255,8.119251,98.22711,99.49391,99.19612,84.15676617,27.13668,81.4589,63.11653,34.41532,3.58851,100.0679239,9906.053765,0.528992662,15.12629,125.6040026,33.521,160.4,1.359106628,2.7,4.7,116,87.61716,1.05,33.13011659,66.7903,..,87.6215,-3.5437
Paraguay,0.728,High,103,74.25,12.71,8.53508,12223.94045,-4,104,1,0.557,0.446,84,70.504,16.8,49.2486,51.15980178,59.22,84.606,7.044639,1.285,61.9,0.69795,4.522645,0.466412,26.308,2.4455,29.593622,12,13,5.597482,17.220247,20.152819,120.525,163.978,464.1,552.8,0,43,0.5,66.449202,6.654569,94.0208,98.86784,97.73242,50.08863,43.78909,..,..,..,3.43834,89.35836297,12684.59619,-1.286735985,10.03533,143.821041,68.627,210.3,7.144839995,6.2,12.3,115,69.1576,-2.396,2.278598923,64.9935,65.6624,106.953,12.1893
Tonga,0.725,High,104,70.91,14.40649703,11.24,6364.577962,25,105,2,..,0.354,52,14.662,7.407407407,94,93.4,45.737,74.337,0.104497,0.952,23.1,0.01224,0.061637,0.00621,22.415,3.5763,52.2,1,1,8.1,13.443406,15.627201,120.542,213.56,484.9,817.5,..,10,..,63.905802,5.269311,99.41437,99.53978,99.34871,93.78358608,45.81301,116.33897,100.86179,..,..,0.646725601,6266.903114,-0.865346735,22.25817,121.0940352,59.083,174.3,..,2.9,5.2,..,98.22011,-7.747,3.590636783,41.2487,..,105.824,53.6054
Libya,0.724,High,105,72.91,12.85428,7.599985,15687.71357,-29,106,-4,..,0.252,72,5.769,15.95744681,70.4920975,45.05386134,33.949,65.31,6.777453,1.364,80.4,0.632962,4.572981,0.302162,28.817,2.25,..,26,27,38.1,10.242695,11.959341,99.334,179.566,567.9,766,..,40,0.2,65.31599,..,..,..,..,57.5011966,..,..,..,..,..,102.8421733,15174.16475,1.039924032,..,..,40.463,97.2,..,2.3,8.7,..,118.3218,-0.301,12.07261962,21.7589,..,91.4793,-84.3937
Uzbekistan,0.72,High,106,71.73,12.05882,11.8072,7141.953943,17,107,4,..,0.288,29,23.79,16.4,99.85953,99.95679,52.378,78.113,32.981715,1.578,50.4,3.434632,21.968119,1.515572,27.809,2.43,49.460423,4,2,10.84758,19.120473,21.446387,100.911,169.704,576.1,828.9,0,70,0.2,60.879078,6.414385,99.99289,99.99996,99.99996,99.90487,27.94889,104.23298,93.33636,10.07635,5.28134,235.0210648,6998.705051,3.60039615,14.78712,..,61.21,144.3,1.135802775,4.6,10.3,126,73.01688,-0.275,3.542520347,52.3051,..,75.925,2.4502
Bolivia (Plurinational State of),0.718,High,107,71.51,14.2,9.017540839,8553.783786,9,108,6,0.546,0.417,155,64.9,51.80722892,53.09571669,59.48890159,63.177,80.515,11.513102,1.426,69.8,1.187091,7.142278,0.844906,25.56,2.75,55.658237,19,21,16.08992,21.839281,26.79508,138.315,219.194,456.4,539.7,1.40547,108,0.3,63.105998,6.443161,92.45508,99.40421,99.39402,58.78991,74.47584,98.15092,89.72425,..,..,100.4457616,8724.47574,0.796552666,..,148.3175185,69.301,160.3,6.218374444,8.9,16.9,106,56.39731,-0.843,1.355968419,43.8323,32.1849,100.816,29.3702
Indonesia,0.718,High,107,71.72,13.60698,8.16668,11459.09692,-4,110,6,0.59,0.48,177,47.374,17.39130435,46.84225,55.05406,53.08,81.885,270.625567,1.139,56,23.939759,183.30709,16.37365,29.744,2.3195,50.672592,10,12,30.8,21.115195,24.983884,125.668,177.539,671.6,872.5,3.86619,316,0.4,62.550712,2.989054,95.65856,99.69625,99.71748,50.91415,62.34366,106.41082,88.91017,36.31104,3.5836,3196.682696,11812.19764,3.875165687,10.23045,151.1766751,64.333,95.7,0.434534589,2.2,5.2,121,37.3034,-0.372,0.13048841,39.7875,37.3823,119.838,32.4681
Philippines,0.718,High,107,71.23,13.14836,9.393091398,9777.798117,4,111,3,0.587,0.43,121,54.154,28.04878049,75.59380536,72.38818412,46.1,73.258,108.116622,1.412,47.1,10.775468,69.420734,5.746391,25.687,2.58,32.969021,34,33,30.3,22.456852,28.371869,130.91,235.071,556.8,824.3,0.17674,554,0.1,62.726162,4.446408,98.18255,99.26673,98.90415,73.22,80.69254,107.50977,86.16291,35.47546,..,963.1218325,8908.175977,4.604007082,14.04753,129.6132572,58.339,182.5,6.464988165,2.3,5.2,116,68.6069,-0.634,0.202124345,60.0548,..,110.128,21.6391
Belize,0.716,High,110,74.62,13.11358,9.921731875,6381.597682,18,108,-3,0.554,0.415,36,68.487,11.11111111,79.04098049,78.90916961,49.904,80.603,0.390351,1.936,45.9,0.039323,0.255401,0.018999,25.482,2.32,33.164608,1,4,14.95787,11.199624,13.011614,117.655,213.827,617.7,808.4,0.01135,30,1.9,65.058489,5.642823,..,..,..,78.95098323,47.43126,111.69688,85.37246,24.65664,7.37876,2.734388532,7004.912301,-1.603910562,26.33791,..,60.884,344.9,37.78857029,2,9.9,117,115.7101,3.164,15.37019057,47.0826,..,85.527,25.3029
Samoa,0.715,High,111,73.32,12.7297,10.77921,6308.652491,19,113,-3,..,0.36,43,23.886,10,79.1274861,71.58292158,31.104,55.456,0.197093,0.5,18.1,0.027497,0.112742,0.009722,21.835,3.9029,70.3,14,13,4.918621,13.565309,15.770385,80.735,138.239,412.2,697.4,..,6.4,..,61.820831,5.482786,99.09577,99.43575,98.84151,74.94214347,48.76443,110.52421,93.25814,..,4.08047,1.284487785,6517.033669,2.965218096,25.46019,117.5555221,40.033,205.1,3.146105122,2.2,8.7,131,91.12301,-14.302,2.047215331,33.6109,..,63.5832,15.1828
Turkmenistan,0.715,High,111,68.19,11.1894,10.27379667,14908.6706,-32,112,4,0.586,..,7,24.418,25,..,..,51.407,78.315,5.942094,1.608,52,0.675611,3.841524,0.272885,26.937,2.785,58.263569,1,1,11.46035,39.339579,45.807851,128.231,243.687,684.6,1005,0,46,..,62.871742,6.930448,99.7,99.9,99.77,..,57.9761,88.40043,85.81854,7.96587,..,86.8586567,14845.32943,4.507616162,..,..,61.959,528.9,..,3.7,11,123,35.16339,-0.862,3.283811468,21.251,..,162.861,100.0049
Venezuela (Bolivarian Republic of),0.711,High,113,72.06,12.81608,10.30728,7044.638972,11,101,-44,0.588,0.479,125,85.337,22.15568862,71.71238,66.61428,45.44,74.853,28.515829,-1.125,88.2,2.419176,18.530996,2.170506,29.592,2.283,..,15,7,13.4,21.426527,24.509065,94.804,206.678,381.7,593.4,32.67858,48,..,65.437109,1.18121,97.12709,99.09258,98.44194,69.20773,69.51507,97.15034,88.07702,..,..,..,..,-4.731050162,..,2740.273985,54.473,194.2,36.68763484,1.2,6.6,91,48.09081,-22.327,4.824303021,72,50.6182,71.7661,-26.2655
South Africa,0.709,High,114,64.13,13.7912,10.24064634,12129.23006,-14,115,-2,0.468,0.406,119,67.908,45.33333333,74.97650898,78.20732748,49.61,62.749,58.558267,1.368,66.9,5.7856,38.423851,3.171038,27.621,2.4139,31.614695,16,28,27.42128,28.490947,33.800889,248.816,376.404,580,907.8,1.65073,520,20.4,56.177157,8.113118,87.04667,96.87589,93.75609,75.47826427,24.61863,100.86473,104.69798,22.36603,6.15899,730.913368,12481.81287,-1.179143333,27.46522,158.9279375,40.231,284,36.39917415,5.1,21.7,120,59.20454,2.536,7.213765024,56.1674,..,153.25,54.8998
"Palestine, State of",0.708,High,115,74.05,13.4094,9.16551,6417.389121,12,114,-6,0.613,..,27,52.766,..,63.54091,64.93922,17.693,69.497,4.981422,2.38,76.4,0.690318,2.898039,0.15808,20.769,3.6677,38.135483,1,1,7.395957,17.312969,20.265539,92.308,126.513,..,..,..,0.77,..,64.41598,..,97.21861,99.38239,99.29223,64.24537,56.47925,98.60411,89.48775,44.25381,5.25234,25.86850027,5661.634428,-1.618564497,6.3861,112.516118,32.366,22.2,0.49352475,..,..,94,79.60098,-2.194,5.093627921,64.4,60.2284,89.4854,25.2887
Egypt,0.707,High,116,71.99,13.32624,7.434,11466.14512,-14,117,1,0.497,0.449,37,53.819,14.93288591,73.50696,72.53537,21.933,70.858,100.388076,2.033,42.7,12.803816,61.125135,5.296806,24.606,3.33,39.536598,4,5,22.26887,18.102478,21.225325,105.456,182.7,711.8,965.7,0,12,0.1,62.469059,5.287637,71.16825,86.81055,89.48338,72.95913,28.70762,106.28493,87.91114,35.16452,..,1180.890365,11763.25364,3.492042607,12.51921,264.3750554,41.419,112.2,..,1.7,7.2,143,48.27827,-0.391,0.502104468,46.9243,41.2807,95.2866,9.9072
Marshall Islands,0.704,High,117,74.11,12.39008,10.8856786,5039.043833,21,116,..,..,..,..,..,6.060606061,91.64424,92.46859,..,..,0.058791,0.601,77.4,..,..,..,..,..,43.117062,4,15,34.7802,27.39588,33.13828,..,..,..,..,..,434,..,57.382093,16.40294,98.26508,98.7567,98.16972,92.0607,38.22368,84.74016,64.44054,..,..,0.227470586,3894.177419,2.994982208,17.81424,..,..,61.4,..,..,..,..,125.7277,..,5.606300284,38.7012,..,27.5586,26.3642
Viet Nam,0.704,High,117,75.4,12.692323,8.32,7432.706806,3,118,1,0.588,0.296,43,30.929,26.72064777,66.43856115,78.16887914,72.708,82.363,96.462108,0.981,36.6,7.89095,66.783135,7.286411,32.49,2.0556,23.998344,4,5,23.8,16.497314,20.683017,76.363,188.583,319.6,593.5,0.08228,182,0.3,65.74153,5.532128,95.00038,98.35314,98.46012,69.77873171,100.23493,110.59481,..,28.54497,4.17277,775.6690177,8041.178551,5.99486601,..,163.5169479,75.888,137.4,..,3.4,10.8,127,210.4002,-0.842,0.07889523,70.3496,..,147.195,20.364
Gabon,0.703,High,119,66.47,12.97731,8.698,13929.80613,-30,119,0,0.544,0.525,252,96.227,17.94871795,66.23708064,50.63732373,43.526,61.833,2.172578,2.669,89.7,0.316296,1.28781,0.077013,22.511,4,5.0756083,23,38,17.03443,32.697464,44.760533,182.317,238.333,484.2,525.7,248.2264,525,3.8,58.819392,2.780746,84.66716,91.44938,88.14196,58.82,..,..,..,..,2.66667,32.30579657,14869.79142,0.857346404,10.21839,122.6279263,42.314,173.2,..,4.3,15,115,72.93916,1.562,18.93892006,62,..,138.281,39.1516
Kyrgyzstan,0.697,Medium,120,71.45,12.96756,11.10481377,4864.390351,23,120,-4,0.63,0.369,60,32.763,19.16666667,99.09042481,98.34,44.768,75.735,6.415851,1.812,36.6,0.772574,4.035443,0.295145,26.034,3,45.557854,1,4,11.75342,16.921962,18.941158,94.014,210.663,610.4,990.2,0,116,0.2,64.933891,6.185863,99.586,99.81,99.69,98.42,39.81791,107.56541,95.05481,41.26702,6.02619,33.9187251,5253.097478,2.336684474,17.99886,155.6761524,56.044,177.1,2.189077613,3.7,14.8,119,103.085,-0.641,3.121332325,38,..,122.57,25.2776
Morocco,0.686,Medium,121,76.68,13.72117,5.648,7368.360268,1,121,2,..,0.454,70,31.034,18.44660194,29.08900478,35.95105301,21.469,70.139,36.471766,1.256,63,3.370418,23.972906,2.662606,29.538,2.42,35,1,1,15.10642,19.225858,22.411321,62.159,72.327,483.8,580.1,0,99,0.1,63.825392,5.2452,73.75001,97.4,98.04,32.39562931,50.8886,113.87658,80.2262,35.93593,..,278.4522109,7514.720881,1.036395573,21.90661,111.0675582,41.22,232.5,1.415522885,3.6,2.5,141,87.46319,-1.437,0.270274798,64.8039,61.1112,124.172,25.2885
Guyana,0.682,Medium,122,69.91,11.43113,8.489781305,9455.014358,-10,121,-2,0.556,0.462,169,74.382,31.88405797,70.92,56.44,43.943,68.476,0.782775,0.492,26.7,0.074579,0.511609,0.052539,26.687,2.4728,21.100428,1,2,11.27089,25.128225,30.144712,182.082,268.873,778.1,886.9,44.37059,83,1.4,58.366141,4.94551,85.63973,97.03701,96.33186,64.18,..,..,..,..,5.88842,7.594848842,9702.578857,4.192719708,..,116.1914755,49.524,275.2,14.24890919,14.2,46.6,123,79.08176,-7.722,2.005580212,37.3258,..,82.9711,8.1953
Iraq,0.674,Medium,123,70.6,11.27,7.316,10800.83898,-16,123,4,0.541,0.577,79,71.733,25.22796353,39.52,56.52,11.619,74.228,39.309789,2.457,70.7,5.373938,23.027886,1.33596,21.04,3.682,25.822445,7,18,12.64298,22.471766,26.712473,129.1,185.811,604.5,695.5,0,42,..,63.378594,4.16663,85.6,92.1,94.9,48.02,..,..,..,..,..,427.736528,10881.17246,2.07390219,1.97947,119.8571739,37.484,105,10.07025321,3.4,4.7,113,76.37386,0.207,0.936311452,49.36,51.2353,94.883,16.6622
El Salvador,0.673,Medium,124,73.32,11.6908,6.907268,8359.115144,-6,124,-3,0.529,0.383,46,69.459,30.95238095,39.9476,46.38389461,45.32,75.74,6.45355,0.503,72.7,0.577571,4.173653,0.5466,27.552,2.0529,46.734215,18,18,13.64843,11.753018,13.653433,103.299,268.447,412.3,594.2,0,70,0.6,65.534009,7.22756,89.0086,98.21068,97.72745,42.8187919,66.69644,94.82711,71.66179,29.37193,3.60075,56.63629413,8775.98652,1.861864673,18.06191,111.2283523,56.668,617.4,52.01892617,4.3,24.8,117,77.17888,-6.329,0.660364918,33.8207,32.7032,146.913,22.39
Tajikistan,0.668,Medium,125,71.1,11.6618,10.7337,3953.598166,25,126,-2,0.584,0.314,17,57.076,20,93.32986,95.73984,31.284,52.834,9.321023,2.412,27.3,1.34684,5.57797,0.287646,22.416,3.6075,35.797085,2,2,17.51027,30.424699,34.774995,96.277,164.528,618.5,803.5,0,84,0.2,61.844243,7.228815,99.8,99.9,99.86,94.52945,9.9137,100.85744,..,31.25656,5.23139,31.50269844,3379.748697,4.48344979,..,148.5675345,37.391,..,..,1.7,5,92,56.64275,-2.223,2.940354798,21.96,..,111.528,32.605
Cabo Verde,0.665,Medium,126,72.98,12.7042,6.287719287,7019.168144,-1,125,-4,..,0.397,58,73.759,23.61111111,28.77587928,31.23702564,53.342,67.556,0.549936,1.157,66.2,0.05258,0.367877,0.025841,27.604,2.2885,..,4,2,..,16.671506,19.486576,85.514,182.203,517.1,627.3,0.01415,46,0.6,64.618623,5.165489,86.79029,98.73018,97.58501,30.09821518,73.2327,104.02797,88.15511,23.61651,5.17322,3.944045537,7171.839466,4.482596583,20.08675,110.5016063,53.049,288.1,6.804422507,7.7,24.1,104,116.2145,-2.483,2.848336622,58.1714,56.9389,112.241,36.7578
Guatemala,0.663,Medium,127,74.3,10.75268,6.62261,8494.085111,-10,128,-1,0.481,0.479,95,70.93,19.375,38.60151499,37.54914304,39.914,86.345,17.581476,1.949,51.4,2.055786,10.761919,0.866589,22.881,2.8989,53.236492,8,10,46.71361,22.063474,26.18502,111.16,201.48,409.2,502.6,0.27041,26,0.4,62.906719,5.813844,81.2859,93.26925,95.48186,38.11300714,50.74465,101.90262,52.72243,21.78329,2.92707,143.4181932,8637.555325,2.238176127,10.59126,142.9213949,60.817,140.9,22.50134872,1.7,4.4,116,45.86558,-0.539,0.457419037,65,..,118.667,-4.829
Nicaragua,0.66,Medium,128,74.49,12.31796,6.912,5283.658869,6,127,-3,0.505,0.428,98,84.99,44.56521739,48.46432692,46.79803681,49.669,84.232,6.545503,1.25,58.8,0.661063,4.234098,0.357252,26.464,2.42,31.7,1,1,17.25934,15.684556,18.293831,102.575,200.678,412.3,548,7.14268,41,0.2,65.77815,8.645465,82.61455,93.60194,89.64283,47.77025701,..,..,..,..,4.33953,35.39221464,5407.104702,-5.053158059,15.65299,162.7396072,61.864,323.5,7.185947903,5,19.2,114,95.07565,-3.311,0.644289773,27.863,..,115.096,47.0637
Bhutan,0.654,Medium,129,71.78,12.982658,4.0738,10745.84396,-21,131,1,0.476,0.421,183,20.184,15.27777778,23.27543,31.37641,58.862,73.442,0.763094,1.167,41.6,0.063561,0.523226,0.0465,28.144,2,53.158291,1,3,33.5091,24.783805,29.699283,194.721,197.28,590.3,572.7,0.01075,149,0.3,63.234813,3.186962,66.56115,92.89112,93.27016,27.62122,34.44237,100.13968,90.09468,15.55451,6.64043,8.558935579,11345.44493,1.822273289,16.01884,167.1824587,65.152,155.6,1.193007386,8.9,13.8,..,86.71172,0.427,6.978712921,48.1064,..,93.2616,35.7395
Namibia,0.646,Medium,130,63.71,12.63338796,6.99,9356.673607,-17,129,-2,0.418,0.44,195,63.627,36.95652174,40.56738384,42.0042855,56.089,63.331,2.494524,1.863,51,0.3344,1.483901,0.089998,21.832,3.4153,48.324806,8,20,22.71634,28.967246,39.618699,248.938,349.317,606.7,762.8,26.7056,524,11.8,56.770229,8.550957,91.52727,96.19844,94.10937,41.19870317,34.20079,124.24839,..,22.88816,3.10315,24.040236,9637.18055,-2.968118636,29.26417,157.968368,47.464,313.8,..,4.9,19.4,106,83.47556,-1.979,4.311874381,51,..,112.702,20.6686
India,0.645,Medium,131,69.66,12.16229,6.5,6681.346904,-5,130,1,0.475,0.488,133,13.177,13.48600509,27.6706,47.0304,20.524,76.081,1366.417756,1.039,34.5,116.781811,915.55201,87.149006,28.426,2.2402,58,6,5,34.7,29.940939,36.57424,147.161,203.623,524.9,672.5,5.33043,199,..,60.520989,3.53496,74.37299,90.16941,92.99297,39.33627898,13.73929,112.95786,75.16113,28.06055,3.84467,9229.177054,6754.286547,3.963162537,11.17992,180.4358124,46.653,32.7,3.079232442,14.5,18.5,109,40.01854,-0.396,0.377244586,34.45,..,86.9426,26.0011
Honduras,0.634,Medium,132,75.27,10.06014,6.573452,5308.452598,1,132,0,0.472,0.423,65,72.912,21.09375,32.20528,29.59922,51.987,85.927,9.746115,1.666,57.7,1.010874,6.238724,0.470559,24.344,2.4872,30.749973,10,13,22.62242,15.109255,17.598572,115.541,166.999,401.1,493.2,0.13288,37,0.3,63.018726,7.858425,87.20524,98.1851,94.89199,30.97960906,41.14676,91.53496,52.17891,26.16422,6.0812,55.82550061,5727.973572,0.982330295,17.34447,150.3443578,65.067,216.2,38.9255911,1.7,5.3,116,96.61335,-0.715,0.399471913,31.7,..,79.1503,-35.1277
Bangladesh,0.632,Medium,133,72.59,11.59809,6.219339024,4976.209148,7,134,8,0.478,0.537,173,82.962,20.63037249,39.83654,47.52994,36.26,81.366,163.046173,1.051,37.4,14.418745,110.22782,8.446372,27.567,2.052,65,1,3,30.8,25.13754,30.157008,114.505,151.411,475.6,549.6,0.69274,221,0.1,64.533869,2.274249,73.9122,94.91259,91.80372,43.9803235,40.81816,116.46634,72.6906,20.56507,1.98602,775.0767623,4753.725923,7.031583836,8.76503,179.6798217,56.521,51.6,2.373328796,6.7,5.5,109,36.7593,-2.303,1.34048725,15,5.09841,97.2812,51.2546
Kiribati,0.63,Medium,134,68.37,11.801993,7.984461822,4259.732067,12,133,-3,0.516,..,92,16.177,6.52173913,..,..,..,..,0.117608,1.48,54.8,0.014959,0.070658,0.0048,23.04,3.5836,66.379959,1,6,..,41.231508,52.513067,153.038,235.02,676.1,962.7,..,349,..,53.536979,10.757597,..,..,..,0,..,101.30461,..,..,..,0.267573796,2275.171299,0.71808075,21.96774,99.54742449,..,114.2,..,5.4,25.9,137,98.39241,-6.943,2.569596789,14.5818,..,46.6132,36.3195
Sao Tome and Principe,0.625,Medium,135,70.39,12.68717,6.436763183,3952.072482,16,135,1,0.52,0.537,130,94.61,14.54545455,31.51726344,45.82051427,41.421,74.37,0.215048,1.887,73.6,0.031559,0.118049,0.006364,18.612,4.35,71.715233,3,5,17.19547,24.43324,31.207324,124.395,188.249,614.3,659.5,13.91732,124,..,62.281419,6.229991,92.81664,97.85418,97.71246,40.801824,50.30805,106.79154,89.33812,13.38452,5.14907,0.852435441,3963.783576,0.482046923,..,185.0895517,50.064,119.9,..,2.1,4.2,108,..,-8.028,1.010899487,29.9312,..,77.0561,20.1013
Micronesia (Federated States of),0.62,Medium,136,67.88,11.54947988,7.804956,3982.736516,13,136,-2,..,..,88,13.924,0,..,..,..,..,0.113811,1.095,22.8,0.01217,0.073244,0.004768,24.362,3.0763,..,3,22,..,25.591372,30.756119,146.294,177.715,724.7,846.5,..,108,..,56.675896,12.351549,..,..,..,0,31.44008,97.17474,..,..,12.4595,0.390699547,3468.568421,-0.839038542,25.19627,112.0969899,..,123.4,..,6.2,16.2,..,100.8515,-5.357,2.476826429,35.3041,..,20.7377,-6.0019
Lao People's Democratic Republic,0.613,Medium,137,67.92,10.98724,5.288,7413.33163,-16,137,1,0.461,0.459,185,65.41,27.51677852,35.14817308,46.24109253,76.744,80.213,7.169456,1.526,35.6,0.794312,4.554977,0.298524,24.37,2.7,44.379486,27,31,33.06322,37.629811,47.33331,156.747,205.59,739.4,829.9,4.20125,162,0.3,60.70728,2.528087,84.66104,90.50107,94.40438,40.54689158,46.68268,102.36099,67.36178,14.96676,2.93781,56.11094084,7826.388595,3.076179912,..,135.8662523,77.982,121.7,..,6.1,12.9,116,75.09189,-2.098,0.673342674,25.5104,..,51.8634,-12.1995
Eswatini (Kingdom of),0.611,Medium,138,60.19,11.8430625,6.855161078,7919.058294,-19,139,5,0.432,0.567,437,76.695,12.12121212,31.34,33.88,48.527,56.78,1.148133,0.992,24,0.143539,0.667682,0.046084,20.729,3.0257,63.823479,4,19,25.54947,43.022836,54.36517,309.883,479.936,740.2,892.8,0.84235,329,27.3,50.610605,6.930378,88.41938,96.69525,94.29769,33.82,..,115.16014,82.41221,..,7.12767,9.975069967,8688.101493,0.953111552,..,162.5968983,40.91,304,11.55752804,9.6,25.4,104,84.41334,-7.378,2.814141256,47,..,93.5273,25.3664
Ghana,0.611,Medium,138,64.07,11.48333,7.306,5268.919684,-3,138,-1,0.44,0.538,308,66.611,13.09090909,55.74,71.63471177,63.629,71.891,30.417858,2.191,56.7,4.134774,18.110123,0.942141,21.507,3.8928,42.904526,3,8,17.52627,34.91044,47.908264,214.333,254.991,735.5,669.3,224.34158,148,1.7,58.220487,3.26237,79.03964,92.20855,92.761,63.08,114.54705,104.84141,64.57235,15.69177,3.98944,164.6405428,5412.628122,4.200436672,12.56975,268.360848,64.862,48.6,2.091241017,2.9,15.8,132,71.37819,-0.339,1.534559175,39,..,137.517,67.1489
Vanuatu,0.609,Medium,140,70.47,11.73391,7.064846,3104.799016,20,140,-5,..,..,72,49.437,0,..,..,60.956,78.781,0.299882,2.494,25.4,0.041363,0.17295,0.010846,21.112,3.8,72.6,5,20,28.8958,22.264336,26.444505,102.42,151.626,575.3,769.9,3.98736,46,..,57.598622,3.316853,87.50631,96.59661,95.97657,0,90.19299,109.29187,54.20477,..,4.69537,0.942717343,3143.627636,0.439048652,18.00775,117.1296693,66.811,69.1,..,2.7,8.1,120,97.94714,0.415,1.08209229,25.7198,..,79.8627,7.9207
Timor-Leste,0.606,Medium,141,69.5,12.616098,4.794383,4440.457586,3,141,-12,0.436,..,142,33.785,38.46153846,..,..,61.882,72.721,1.29312,1.944,30.9,0.174072,0.755464,0.055427,20.795,4.1,50.172226,8,15,51.65047,39.319926,45.782928,117.478,168.862,549,633.6,0,498,..,61.650002,3.882293,68.06683,84.65051,82.45848,0,22.7661,115.30781,83.61746,..,4.12844,4.038552153,3123.109437,1.403119355,25.04703,145.3760087,64.275,54.8,4.095983095,3.7,9,97,63.00655,-4.283,0.650906838,27.4927,..,103.241,59.9845
Nepal,0.602,Medium,142,70.78,12.75613,5.014,3456.706213,13,143,0,0.446,0.452,186,65.121,33.53293413,29.27355191,44.16,82.8,85.104,28.608715,1.512,20.2,2.707524,18.498405,1.654331,24.633,1.934,65.157356,4,8,36.05395,26.673507,32.184664,129.611,167.316,563.2,723.1,0.43994,151,0.1,61.507135,5.553295,67.90843,90.88347,94.03428,36.21218287,87.42785,142.14347,80.17992,12.41086,5.16365,97.7499909,3416.791281,5.043372214,20.70239,188.7299772,82.626,68.3,2.299783996,8,11.4,123,54.92592,1.486,1.715568441,34,..,139.446,105.405
Kenya,0.601,Medium,143,66.7,11.33941359,6.564,4243.62556,5,141,-3,0.443,0.518,342,75.078,23.26139089,29.84,37.314,72.128,77.345,52.573967,2.322,27.5,7.00945,30.694153,1.274297,20.119,3.52,61.39415,3,11,26.19083,30.622535,41.117802,194.507,264.72,357.4,418.2,70.09764,292,4.7,58.253119,4.802543,81.53497,88.08,87.59,35.2,75.75718,103.20534,..,11.46471,5.32024,227.6385415,4329.87139,2.998930483,15.08514,180.5148122,72.722,101.6,4.928728024,2.1,9.7,97,33.40144,-0.197,1.987397833,17.8271,13.451,96.3202,36.9138
Cambodia,0.594,Medium,144,69.82,11.46772,4.966,4246.178107,3,144,0,0.475,0.474,160,50.177,19.2513369,15.08,28.22107809,76.305,88.871,16.486542,1.486,23.8,1.780445,10.581561,0.777796,25.631,2.5238,65.205032,6,16,32.44908,24.047354,27.995322,132.376,199.971,623.2,743.2,23.69294,302,0.5,61.203715,5.918842,80.52649,92.57328,91.86412,22.42,23.82233,107.41485,..,13.68776,2.16286,72.35615051,4388.800909,5.516827769,17.05209,127.6334661,81.756,190.8,..,3.2,9,106,123.5565,-1.861,0.477049705,40,40,119.492,62.5423
Equatorial Guinea,0.592,Medium,145,58.74,9.73494,5.910863,13944.13223,-57,145,-6,..,..,301,155.622,19.18604651,..,..,54.775,67.073,1.355982,3.656,72.6,0.195136,0.822003,0.032874,22.335,4.5543,7.4,23,47,26.2,62.620239,85.306654,294.556,334.453,692.7,758.5,269.00928,201,7.1,57.21051,3.107094,94.37054,98.29817,97.69076,..,43.36199,61.77515,..,..,..,25.16439341,18558.00385,-8.849975429,6.0846,124.3467228,57.981,42.8,..,10.8,31.3,..,107.3813,12.443,16.78608776,26.24,..,45.1669,2.853
Zambia,0.584,Medium,146,63.89,11.478083,7.152016,3325.518591,10,145,0,0.401,0.539,213,120.112,17.96407186,38.48815291,54.06777528,70.37,79.076,17.861034,2.929,44.1,2.9015,9.541752,0.377812,17.592,4.6555,69.863228,6,7,34.58727,40.446619,57.841743,221.573,321.143,523.8,590.5,156.70129,346,11.3,55.081757,4.470341,86.74796,91.62819,92.55964,44.43952351,7.5651,98.71552,..,..,4.66738,62.14731484,3479.492215,-1.193782535,16.16132,212.308759,66.091,148.3,5.371749635,6.2,17.5,90,70.03503,-0.467,0.95318691,14.3,13.1725,89.157,49.1232
Myanmar,0.583,Medium,147,67.13,10.67024,5.034490583,4960.528169,-6,148,3,..,0.478,250,28.509,11.56773212,28.74,23.48,47.497,77.361,54.045422,0.646,30.9,4.511004,36.790827,3.249082,28.983,2.17,51.237877,7,16,29.37111,36.832771,46.194269,149.971,247.696,691.6,853.8,3.40407,338,0.8,60.852022,4.659072,75.5512,84.41379,85.11967,25.83254076,8.53093,112.30667,68.43682,18.81594,1.9726,277.9098816,5142.154166,2.246355673,5.367,168.1827007,60.693,171.3,2.258451326,9.8,6.3,112,60.68899,-3.05,0.140618761,30.6782,..,113.844,112.67011
Angola,0.581,Medium,148,61.15,11.777202,5.173993233,6104.05464,-17,145,-4,0.397,0.536,241,150.526,30,23.13283672,38.05568485,76.136,78.913,31.825299,3.288,66.2,5.67047,16.287743,0.699952,16.677,5.55,37.381931,33,49,37.57114,51.58504,77.164501,220.291,327.044,511.8,572.2,228.90895,355,2,56.745929,2.7915,66.03011,70.58513,84.86238,30.23189851,39.61102,113.47796,50.67148,9.33626,..,211.7625746,6653.907673,-4.032613542,9.22378,..,72.157,79.4,..,4.6,14,110,66.37801,0.211,2.103606581,14.3391,20.1973,43.1305,2.8699
Congo,0.574,Medium,149,64.57,11.72662,6.517170529,2879.190985,13,149,-2,0.43,0.57,378,112.229,13.63636364,46.72,51.34,67.532,71.396,5.380504,2.556,67.4,0.812951,2.99917,0.146421,19.204,4.45,32.85508,18,27,21.18722,36.187355,50.111652,240.201,279.572,535.9,531.9,235.07431,375,2.6,57.018061,2.930279,80.29876,78.74231,85.34165,48.81725696,..,..,..,12.66688,3.63639,17.74527921,3298.067619,-3.407564247,8.96374,124.7404961,62.87,26.2,..,5,13.9,99,112.2509,-0.771,7.474052636,8.65,..,95.3405,8.3264
Zimbabwe,0.571,Medium,150,61.49,10.968732,8.4668,2665.612042,14,150,1,0.441,0.527,458,86.135,34.57142857,59.79201,70.78307,78.106,88.993,14.645473,1.463,32.2,2.138028,8.034705,0.436533,18.668,3.6255,41.897549,6,15,23.49697,33.900401,46.227775,337.702,373.207,581.3,599.6,51.00378,210,12.7,53.557018,6.635916,88.69342,93.18835,87.59186,64.93523,..,..,..,10.00655,4.60449,41.53379347,2835.948532,-9.395469552,20.65869,105.511849,78.982,137.1,..,11.1,29.1,84,50.00536,-8.15,2.808083702,27.0555,14.5812,89.4049,28.7641
Solomon Islands,0.567,Medium,151,73,10.22041433,5.711848,2253.346153,17,151,-3,..,..,104,78.003,4.081632653,..,..,82.096,85.551,0.669821,2.601,24.2,0.101949,0.376693,0.024321,19.889,4.435,76.2,2,19,31.68546,17.071263,19.971703,124.818,162.895,632.9,758,133.59027,74,..,52.728833,4.684919,76.6,..,..,..,84.07077,106.20649,..,..,..,1.585741546,2367.403846,0.092994259,29.54935,133.0620332,83.353,75,..,3.2,8.5,110,98.39379,-2.48,0.37801031,11.9242,..,73.8338,51.953
Syrian Arab Republic,0.567,Medium,151,72.7,8.8501,5.1,3613.05256,2,152,-2,..,0.482,31,38.592,13.2,37.12,43.372,14.446,74.119,17.070132,-0.56,54.8,1.826333,10.967587,0.800912,25.621,2.8398,42.6,28,41,27.89927,13.955636,16.740763,73.258,237.292,594.7,723.1,0,19,0.1,63.888621,..,..,..,..,40.96,..,..,..,40.05115,..,..,..,..,..,..,40.422,..,0.879312215,1.1,3.8,125,..,-24.08,5.084013688,34.2534,..,98.374,43.6239
Cameroon,0.563,Medium,153,59.29,12.10426,6.310862,3580.902737,1,153,1,0.375,0.56,529,105.8,29.28571429,32.66160371,41.34689093,71.108,81.1,25.876387,2.61,57,4.05854,14.209816,0.704787,18.688,4.603,39.413246,25,40,28.93166,50.555332,76.059983,281.332,317.692,660.9,739.7,246.98959,186,3.6,55.434234,4.670667,77.07104,82.41,87.72,37.27383201,34.46434,103.40212,60.05816,12.76025,3.14529,94.51830422,3652.686512,1.363589954,12.7553,118.6485883,73.501,129.6,1.388093415,12.5,26.9,120,40.55391,-0.193,1.95426099,23.203,19.2,69.0854,26.6266
Pakistan,0.557,Medium,154,67.27,8.27594,5.158944258,5005.034893,-15,154,2,0.384,0.538,140,38.802,20,27.56918,45.65944,21.919,81.743,216.565317,2.045,36.9,27.66807,131.28886,9.360839,22.782,3.55,47.465782,14,25,37.62959,57.181031,69.308919,137.509,172.896,681,744.4,3.38152,265,0.1,57.199943,2.898634,59.13205,67.53713,81.26352,37.31900721,83.14242,94.3282,42.67466,8.95842,2.89952,1015.796323,4690.484755,-1.039798675,..,182.3203864,50.232,39.4,3.88308273,3.1,3,110,30.43821,-1.11,1.50438585,15.51,9.49437,72.5571,17.2772
Papua New Guinea,0.555,Medium,155,64.5,10.199261,4.66,4301.098542,-10,156,-2,0.39,0.725,145,52.655,0,9.987125672,15.16,46.316,48.044,8.776119,1.97,13.2,1.095603,5.353834,0.307996,22.422,3.5883,59.681362,56,63,49.4543,37.96257,47.808852,187.7,251.144,620.2,820.6,184.46586,432,0.8,56.358027,2.469276,61.6,71.4,64.57,12.52705628,43.15852,108.54586,47.49616,..,1.9264,38.50607751,4387.602469,3.58027487,13.58753,155.9923731,46.032,59.1,..,3.8,10.2,101,..,-0.094,0.35564736,11.2092,..,47.6177,21.5035
Comoros,0.554,Medium,156,64.32,11.2447,5.078649,3099.445776,5,154,-4,0.303,..,273,65.351,6.060606061,..,..,36.581,49.943,0.850891,2.241,29.2,0.12249,0.490613,0.025997,20.37,4.2365,11.433165,4,10,31.13124,51.251858,67.468514,194.435,245.527,627.5,742.7,18.75837,35,0.1,60.339878,7.384374,58.81702,78.30236,78.23941,..,21.80786,99.50663,59.46886,8.99478,2.48708,2.621906231,3081.383677,0.474294075,..,..,41.405,27,..,5.4,17.6,103,43.09452,-2.429,1.469527058,8.47817,..,59.9411,35.9771
Mauritania,0.546,Low,157,64.93,8.58834,4.726,5134.570124,-21,157,-2,0.371,0.634,766,71.049,20.26143791,12.74896857,25.03682561,28.85,63.055,4.525698,2.78,54.5,0.67901,2.577601,0.142846,20.114,4.585,40.3,11,22,22.8308,51.542913,75.674213,176.149,218.359,635.9,669.1,39.41465,93,0.2,62.168771,4.403152,53.49759,56.76072,70.93633,18.9543303,10.49137,99.89176,36.83391,4.99912,2.63107,23.52017273,5197.028861,3.06609884,..,135.0188968,41.503,46.1,..,3.6,12.1,125,94.21841,1.15,3.822329206,20.801,..,103.706,24.2585
Benin,0.545,Low,158,61.77,12.61455,3.826328,3254.245627,0,158,-1,0.343,0.612,397,86.096,7.228915663,18.33432267,33.94317184,68.808,72.983,11.801151,2.731,47.9,1.874203,6.435121,0.385292,18.781,4.8675,41.401615,16,29,32.17236,60.535739,92.986471,211.008,258.647,617.5,671.2,386.18237,56,1,56.644148,3.718582,42.3624,51.94362,69.76118,26.59185824,25.45034,121.95825,59.04252,12.27414,4.03814,38.79403624,3287.309538,4.003206857,..,110.7090955,69.285,69.8,1.127497407,9.6,22.6,124,63.68133,-0.176,3.305711451,20,..,82.3843,5.4769
Uganda,0.544,Low,159,63.37,11.412656,6.171951533,2123.26935,15,160,2,0.399,0.535,375,118.836,34.8583878,27.48236041,35.13158644,66.998,73.921,44.269587,3.59,24.4,7.685529,22.815428,0.868817,16.733,5.01,65.463127,1,13,28.91719,33.807619,46.434746,233.267,302.371,587.1,701.9,289.18458,200,5.7,57.754606,6.187756,76.5275,89.95064,88.8269,32.20336131,14.40808,102.70471,..,4.83664,2.52076,96.5629564,2181.247843,2.786756962,11.7392,173.8712682,69.04,118.8,10.52446028,18.7,21.2,90,46.01886,4.018,3.917284627,23.7065,..,57.2726,17.7136
Rwanda,0.543,Low,160,69.02,11.18666,4.417150539,2155.334054,12,159,-1,0.387,0.402,248,39.114,55.66037736,10.94261001,15.76883,83.932,83.361,12.626938,2.607,17.3,1.848859,7.223329,0.38237,20.039,4.1,86.929436,1,4,38.2536,27.020781,35.26882,161.59,216.342,508.6,597.9,486.48733,59,2.5,59.832451,6.571598,73.21559,88.50182,84.32593,13.13743,22.46703,133.04155,40.89606,6.72572,3.11334,28.11037812,2226.220751,6.590858434,14.26328,151.0893686,82.793,509.1,2.577168608,6,16.9,97,53.66138,-0.74,4.276028653,21.7676,..,78.8541,43.5055
Nigeria,0.539,Low,161,54.69,9.975095,6.65519163,4910.208257,-19,161,-3,0.348,..,917,107.33,4.112554113,..,..,47.872,57.875,200.963603,2.586,51.2,33.409363,107.65497,5.5126,18.064,5.4168,28.677341,35,46,36.81564,75.671511,119.913629,324.961,364.321,830.6,793.3,291.94251,219,1.5,56.038691,3.755539,62.01601,68.26263,81.58064,..,..,84.72564,42.00254,..,..,1032.048476,5135.499571,-0.379722447,..,267.5115151,48.623,36.5,34.5240459,17.1,17.5,116,33.00784,-0.31,0.625191829,42,6.36075,88.1842,33.1078
Côte d'Ivoire,0.538,Low,162,57.78,9.95474,5.288,5068.606313,-25,161,7,0.346,0.638,617,117.627,13.27683616,17.94919663,34.35813313,48.157,65.54,25.716554,2.545,51.2,4.050288,14.250103,0.738872,18.854,4.68,23.128265,2,24,21.62928,59.403494,80.877857,325.098,360.552,935.2,955,330.59816,142,2.6,56.193255,4.453034,47.16535,53.0251,63.84492,26.78,8.2043,99.79975,51.02666,9.34137,4.36816,134.7099658,5238.260856,4.162738389,11.82721,111.6069779,55.064,66,..,13,32,123,45.59708,-0.323,9.912455577,46.8237,36.403,134.858,58.8872
Tanzania (United Republic of),0.529,Low,163,65.46,8.0976,6.122,2599.847211,2,164,-1,0.397,0.556,524,118.385,36.8956743,12.01460577,16.93175295,79.565,87.338,58.005461,2.973,34.5,9.52815,31.053601,1.520059,17.992,4.9237,57.8,9,12,31.8,37.605413,53.028608,193.172,249.798,518.8,562.7,124.26534,253,4.6,58.734702,3.645451,77.88723,84.6408,87.0131,14.38320053,41.40451,94.16869,29.43508,4.01016,3.69644,149.7854827,2660.420338,2.719899605,11.49395,187.4301589,81.761,66.8,6.48265759,5.4,14.3,109,32.23894,-0.721,0.877789735,25,..,77.2414,29.9235
Madagascar,0.528,Low,164,67.04,10.17392,6.1,1596.28108,16,163,-4,0.39,..,335,109.59,16.90140845,..,..,83.372,88.938,26.969306,2.667,37.9,4.022642,15.261687,0.820964,19.568,4.1085,50.622208,15,31,41.62704,38.183232,53.567301,181.739,232.545,594.7,660.4,82.39678,233,0.3,57.599337,5.502038,74.80432,80.67803,81.71984,0,39.60987,142.53428,36.52693,5.35049,3.23481,44.3974137,1646.220042,2.052906528,10.21585,184.3297364,84.613,94.9,..,3.6,10.5,88,59.82215,-0.058,0.129532435,9.8,..,40.5703,4.1111
Lesotho,0.527,Low,165,54.33,11.31561,6.53928325,3150.620131,-6,165,2,0.382,0.553,544,92.726,23.02631579,33.0426436,25.49245512,60.159,75.939,2.125267,0.793,28.6,0.25295,1.330575,0.104681,24.01,3.1641,59.005611,8,10,34.6015,65.666138,81.113993,419.363,545.675,736.5,827.9,..,611,23.6,45.241819,8.763158,76.6352,93.96988,79.60804,30.12832896,38.93557,120.8975,62.01393,10.19626,6.51166,5.882134594,2767.714281,0.697479634,31.57259,155.8581951,51.996,101.5,43.56460456,32.6,22.7,93,134.6219,-4.783,0.325982417,29,..,113.831,64.3493
Djibouti,0.524,Low,166,67.11,6.791215,4.1,5689.348966,-34,166,3,..,..,248,18.841,26.15384615,..,..,50.71,68.792,0.973557,1.557,77.9,0.100062,0.644355,0.044875,26.57,2.7577,12.4,10,17,33.47891,49.80543,59.344393,178.345,232.137,565.5,658.7,35.20855,260,1.2,58.936441,3.316518,..,..,..,..,9.18032,75.28794,51.97055,..,5.55942,5.373401727,5519.332888,5.854223408,..,120.2509224,54.041,69,..,5.3,11.9,112,298.2663,0.947,11.84734377,55.6814,51.6488,41.1959,21.4847
Togo,0.515,Low,167,61.04,12.66498,4.949925584,1602.34934,12,168,1,0.351,0.573,396,89.091,16.48351648,27.62,54.39332055,76.277,78.936,8.082359,2.453,42.2,1.204087,4.535357,0.233363,19.35,4.3515,64.329567,10,25,23.78393,47.361632,69.767457,244.396,277.736,782.8,812,267.30861,36,2.3,57.007678,6.199512,63.74562,78.37085,89.67247,40.76200747,22.83068,123.76463,61.84573,14.52393,5.42885,12.89888415,1595.92923,2.79421744,16.87584,113.2969293,76.011,64.8,..,10.9,22.7,108,71.24105,-0.256,3.453716399,12.3602,8.61106,77.8861,37.3627
Senegal,0.512,Low,168,67.94,8.58486,3.183085,3309.385734,-11,167,-3,0.348,0.533,315,72.725,41.81818182,10.2595,26.47567507,35.048,57.514,16.296362,2.77,47.7,2.584897,8.810104,0.504949,18.514,4.65,42.088467,3,10,18.83277,31.826668,43.627875,144.704,216.045,583.4,683,55.75255,118,0.4,59.862832,4.134064,51.90042,63.50271,75.57641,17.82484,16.5383,80.95004,43.70155,12.76259,4.65201,55.32401782,3394.868808,2.415936541,16.29416,109.2512702,42.667,78.8,0.267518152,5.2,20.3,112,60.5064,-1.277,1.688959574,46,..,104.451,38.6392
Afghanistan,0.511,Low,169,64.83,10.17643,3.93,2229.362021,0,169,-5,..,0.655,638,68.957,27.24358974,13.22,36.92,21.595,74.658,38.041757,2.465,25.8,5.638783,20.889488,0.995078,18.438,4.5552,57.5,27,36,38.19278,47.864949,62.276411,192.532,237.554,805.3,904.5,29.00589,189,0.1,54.111276,11.777194,43.01972,56.25475,74.0848,26.08,..,103.99616,55.42521,9.68642,4.05887,83.77853654,2202.278489,0.549627731,9.25047,149.8959752,43.456,82.7,6.655561152,2.1,10.6,95,45.62118,-1.716,0.393677957,13.5,..,59.1208,24.1177
Haiti,0.51,Low,170,64,9.7,5.592369636,1708.809043,7,170,-1,0.303,0.636,480,51.676,2.739726027,26.86,40.02036707,61.874,72.798,11.263079,1.28,56.2,1.265895,6.991871,0.570332,24.008,2.96,39.875298,25,35,21.9461,49.49647,64.76362,197.41,257.443,701.6,812.4,1.61003,176,2,55.427352,8.035501,61.69135,82.63483,83.3535,33.54,..,..,..,..,2.78047,19.47284724,1728.91007,-2.165378401,..,179.2910955,57.926,79.9,6.67974266,6.4,18.3,91,74.30852,-3.168,0.16652643,32.4736,..,57.5289,17.3252
Sudan,0.51,Low,170,65.31,7.884416,3.77,3828.660219,-18,171,-5,0.333,0.545,295,63.993,27.53623188,15.43678948,19.49766664,29.103,68.197,42.813237,2.394,34.9,6.246041,24.06831,1.552966,19.659,4.4345,54.595383,3,10,38.24354,42.142033,60.473423,187.141,244.878,700.1,795.5,46.75192,71,0.2,61.422774,6.341808,60.69718,73.49,72.51,17.53873656,46.62576,76.81606,46.62174,16.91901,..,169.4748493,3958.46839,-4.858183487,7.96145,1344.192762,40.43,51.5,..,4.6,14.5,114,26.72186,-1.208,2.856807981,30.8703,11,72.0079,19.6321
Gambia,0.496,Low,172,62.05,9.911519,3.922,2167.883472,-1,172,1,0.335,0.612,597,78.185,10.34482759,31.46365385,44.352595,51.179,67.989,2.347696,2.944,61.9,0.401239,1.251604,0.060119,17.844,5.25,53.287727,7,15,18.96721,39.033081,58.364953,224.406,279.951,690.6,767,65.99734,174,1.9,58.317147,3.282071,50.77797,64.44683,70.74348,36.84,41.67164,98.01438,..,..,2.43275,5.18118267,2206.912906,2.923566813,9.39409,172.7304356,54.021,55.4,..,7.3,12.8,114,65.48445,-1.371,9.175169293,19.8365,..,139.529,57.087
Ethiopia,0.485,Low,173,66.6,8.813018308,2.883189,2206.534378,-3,174,5,0.348,0.517,401,66.727,37.28571429,11.47565483,22.57430843,73.441,85.755,112.078727,2.623,21.2,16.560822,62.928682,3.941448,19.466,4.3,58.8,20,42,36.8,39.149078,55.24465,184.812,236.779,522.9,589.8,31.81495,151,1,60.220701,3.502557,51.77118,71.97251,73.52072,17.19400991,29.43704,100.97149,34.93947,8.10532,4.73792,248.7821427,2219.708795,5.523892966,7.51992,..,77.895,115.9,..,4.7,18.7,105,28.74202,0.278,1.118038186,18.6181,..,36.2007,28.38007
Malawi,0.483,Low,174,64.26,11.24191,4.73,1034.677638,13,174,0,0.345,0.565,349,132.671,22.91666667,17.58,26.05175781,72.593,81.102,18.628749,2.663,17.2,2.877113,10.0389,0.492177,18.08,4.25,59.439594,3,8,38.99144,35.315822,49.667492,212.388,325.106,488.2,611.9,213.64025,181,9.2,56.579912,9.648231,62.14354,73.3858,72.49172,21.8774946,83.58057,142.45782,40.28176,..,4.71484,19.74132079,1059.72349,1.649562326,17.25367,418.3443255,72.381,76.8,..,3.2,13.7,111,66.60451,-0.895,1.329407716,13.7822,5.50001,39.0058,17.5653
Congo (Democratic Republic of the),0.48,Low,175,60.68,9.729686667,6.76008,1062.543004,11,174,0,0.335,0.617,473,124.22,11.98686371,36.73039,65.81281,60.722,66.261,86.790568,3.22,45,15.50276,44.247271,2.618419,16.988,5.9635,47.336025,34,43,42.69177,68.180083,88.103538,224.637,273.573,575.3,594.6,319.84102,321,0.8,56.335672,3.978723,77.04268,79.71484,90.96097,50.66579906,4.44439,107.97708,46.16579,6.60334,1.45495,95.29160347,1097.948853,1.110159506,..,133.8509266,60.774,27,..,4.9,15,..,67.28728,0.288,1.110527369,8.6199,..,43.3822,25.0742
Guinea-Bissau,0.48,Low,175,58.32,10.62385,3.5626,1996.042927,1,178,1,0.3,..,667,104.823,13.7254902,..,..,65.835,78.653,1.920917,2.495,43.8,0.301657,1.05618,0.055,18.833,4.51,52.541714,15,14,27.61325,54.016176,81.475168,301.21,373.99,669.1,690.5,123.31191,361,3.5,53.61472,7.235869,45.58116,49.75632,71.25033,..,..,..,..,..,2.13249,3.821419107,1989.367141,2.061873241,10.32283,106.9404862,70.19,32.6,1.148704753,6.1,8.9,98,57.00856,-0.755,1.401202131,3.93051,..,78.9889,34.5015
Liberia,0.48,Low,175,64.1,9.57967,4.806,1258.410853,8,173,-3,0.325,0.65,661,135.962,11.65048544,18.54536769,40.11511391,72.058,80.615,4.937374,2.46,51.6,0.73015,2.763022,0.162229,19.411,4.35,54.577816,6,15,30.13605,53.482193,70.936723,207.08,247.482,599.1,633.6,361.50398,308,1.3,56.885966,8.155338,48.30136,45.63871,64.95713,29.21433162,125.17882,85.10919,37.9035,..,2.58412,7.049676851,1427.81909,-4.621588492,12.90917,223.129788,74.167,50.3,..,13,13.8,97,127.4523,-1.049,1.912919702,7.98448,..,56.569,16.1896
Guinea,0.477,Low,178,61.6,9.408505,2.774225,2405.181497,-12,177,1,0.313,..,576,135.294,22.80701754,..,..,62.699,60.205,12.771246,2.774,36.5,2.059607,6.84645,0.375727,18.02,4.7384,33.434288,38,53,30.33057,64.931726,100.778333,232.889,260.356,762.2,765.3,283.88739,176,1.4,53.869214,4.123087,32.00384,37.21018,56.97051,11.75489793,..,91.50917,39.33397,11.55931,2.57251,32.7460173,2564.042483,2.626326784,..,262.9496921,58.89,26.5,..,8.4,12.7,122,108.7208,-0.326,0.944637665,18,..,96.115,56.8692
Yemen,0.47,Low,179,66.13,8.76899,3.2,1593.704031,2,179,-16,0.321,0.795,164,60.352,0.970873786,19.92,36.9182701,5.834,70.183,29.161922,2.366,37.3,4.09871,16.877311,0.846316,20.221,3.8372,9.6996231,19,33,46.40947,42.911544,54.958638,174.558,219.749,819.7,951.6,45.83875,48,0.1,58.58666,4.23457548,..,..,..,28.02,1.59278,93.63748,51.58068,..,..,..,..,-1.594394524,..,157.5833405,33.094,54.2,6.772149422,6.2,13.4,96,..,-1.065,1.322368258,26.7184,..,55.175,7.3017
Eritrea,0.459,Low,180,66.32,5.0052837,3.9,2793.482718,-17,180,-3,..,..,480,52.553,22,..,..,71.459,85.474,3.497117,1.182,40.7,0.490684,1.885341,0.157503,19.209,4.1,68.7,3,1,52.53276,31.348003,41.916511,202.445,276.241,594.7,718.8,28.87977,89,0.7,55.862585,2.870023,76.57052,92.71403,93.81868,..,23.32836,68.43383,47.69711,3.36256,..,..,..,..,..,..,74.355,..,..,6.1,22.4,..,47.39379,-11.571,0.460407816,1.30891,..,20.364,14.52016
Mozambique,0.456,Low,181,60.85,9.97402,3.540898438,1250.405688,3,181,2,0.316,0.523,289,148.626,41.2,13.96321,19.90741,77.281,79.005,30.366043,2.896,36.5,5.047834,16.019172,0.874077,17.62,4.8858,41,7,13,42.29184,54.018286,73.217734,268.188,389.521,502.7,546.5,305.35874,551,12.6,50.797915,4.941198,60.65543,65.48977,77.26017,16.94978233,..,112.60498,35.40672,7.31255,5.59847,38.88219239,1280.450053,-0.705129546,21.62551,182.3147834,75.566,63.5,..,4.1,14,95,112.1514,-0.172,1.102103021,10,..,47.7158,17.0159
Burkina Faso,0.452,Low,182,61.58,9.27373,1.644298557,2132.95557,-9,183,3,0.316,0.594,320,104.329,13.38582677,6.079310168,12.28004515,58.308,74.826,20.321383,2.868,30,3.408259,10.753036,0.489195,17.551,5.2315,55.8,5,12,24.90041,49.007092,76.416638,228.16,260.379,716.8,754.5,398.73369,48,0.7,54.160304,6.91506,41.22445,54.67,61.79,8.884239787,4.365,96.09037,40.70973,6.50187,6.03609,44.49631954,2189.631015,2.724926527,15.00036,108.3590229,62.268,41.1,1.25044052,9.1,22.4,122,60.18214,-1.282,3.534888234,16,..,97.9123,61.3357
Sierra Leone,0.452,Low,182,54.7,10.17593,3.7,1667.844447,-4,182,-2,0.291,0.644,1120,112.828,12.32876712,20.12582593,33.01000419,57.309,58.489,7.813207,2.128,42.5,1.14731,4.401016,0.230312,19.402,4.319,54.1,5,7,29.5,78.477185,105.067439,353.346,392.263,1017.3,951.7,320.4003,298,1.5,54.061702,13.420928,43.20633,62.69922,70.57611,26.4625,13.88317,112.75457,41.79632,..,7.13846,13.42600005,1718.370741,3.311405018,..,234.1587095,55.333,59.1,1.728967838,14.2,18.2,104,56.69583,-0.554,0.695385958,9,..,88.4699,57.2961
Mali,0.434,Low,184,59.31,7.46103,2.352954412,2268.77278,-17,184,0,0.289,0.671,562,169.127,9.523809524,7.34422,16.381122,61.248,80.613,19.658023,2.99,43.1,3.532113,9.868369,0.490491,16.347,5.9215,40.240704,18,30,26.89075,61.961957,97.77479,244.756,263.613,817,795.6,386.77755,53,1.4,54.260438,3.793985,35.47377,43.39811,57.83326,13.1013,6.96079,75.6006,41.02728,4.5169,3.78684,45.75153362,2327.37112,1.939027242,11.60092,108.7260798,65.697,30.8,..,4.7,13.5,135,57.189,-2.123,2.381876394,13,..,115.085,65.6451
Burundi,0.433,Low,185,61.58,11.06933,3.287982742,753.9087475,4,184,-5,0.303,0.504,548,55.59,38.75,7.5,11.37319532,80.434,77.819,11.530577,3.146,13.4,2.018697,6.029025,0.266595,17.32,5.45,71.9,3,8,54.0079,40.992598,58.456862,253.135,310.651,625,708.7,250.2725,111,1,55.504331,7.51757,68.37533,85.61855,91.03415,9.401494499,15.36692,121.42156,48.46502,6.05016,5.01084,8.667121392,751.6639572,-1.294802749,..,182.11234,78.024,98.3,6.054537366,7.7,23.1,..,41.85736,0.181,2.784057697,2.66075,1.49482,56.5347,37.1928
South Sudan,0.433,Low,185,57.85,5.296258,4.8,2003.318894,-10,186,-3,0.276,..,1150,62.04,26.55889145,..,..,70.959,73.833,11.062114,0.873,19.9,1.697857,6.090267,0.373544,19.04,4.7359,44.53772,49,51,31.28257,63.691626,98.575281,300.898,350.689,540.7,589.3,235.92027,146,2.5,54.601292,9.760994,34.52276,47.3692,48.42514,33.08548403,11.25782,72.98991,11.00999,..,0.98104,..,..,-12.13179824,..,4583.705462,63.523,60.7,..,4.1,8.3,..,65.55135,-15.902,7.824472594,7.97743,..,33.463,17.6874
Chad,0.398,Low,187,54.24,7.34935,2.52368,1555.373575,-5,187,-1,0.248,0.71,1140,161.09,14.88095238,1.738381058,10.5268837,63.944,77.547,15.946882,3.038,23.3,2.871728,8.083064,0.397341,16.554,5.7973,0.10602189,35,59,39.76577,71.424186,118.978111,335.378,377.607,710.9,796.7,164.83196,142,1.3,52.852388,4.487301,22.31155,22.38715,40.69289,6.058779237,0.95611,86.84687,22.5566,3.2513,2.24185,25.19011103,1579.626695,0.209857603,..,117.6982047,69.362,56.2,..,13.8,17.1,95,74.57053,0.131,3.212102483,6.5,..,45.1237,21.0669
Central African Republic,0.397,Low,188,53.28,7.56836,4.282,993.0088419,0,188,-1,0.232,0.68,829,129.074,8.571428571,13.42,31.32,64.44,79.776,4.745179,1.445,41.8,0.730857,2.527527,0.133567,17.611,4.7541,28.8,31,51,37.53077,84.463697,116.478405,371.323,452.968,638.1,680.3,347.32699,540,3.6,45.709534,5.821776,37.39582,28.70666,47.80493,22.08,2.92555,102.0189,17.13538,..,..,4.483573904,944.8680935,1.260146014,8.63983,..,69.307,17,20.12040065,6,18,79,66.13513,-8.581,1.910336478,4.33925,..,27.6743,5.3519
Niger,0.394,Low,189,62.42,6.47145,2.079048967,1200.898463,-4,189,-1,0.284,0.642,509,186.538,16.95906433,4.66,8.99986914,60.586,83.671,23.310719,3.816,16.5,4.642084,11.086839,0.605315,15.151,6.95,23.253159,8,21,48.48269,47.984933,83.656868,222.743,251.729,648.3,681.8,356.57063,87,0.3,55.059138,7.739963,30.56039,31.64391,48.55718,6.685914962,8.0477,74.7362,24.25375,4.41435,4.9198,28.41755393,1219.076889,1.889004441,..,109.3236868,71.7,42.6,..,6.7,11.5,121,39.71296,0.181,1.261913245,5.25049,2.91446,40.6385,18.3558
